Pergunta,A,B,C,D,Correta,Imagem,Tema
"1) A _____________ é o equipamento instalado na casa do cliente em forma de modem. Sua função é receber o sinal óptico e o converter em sinal elétrico, podendo ser transmitido a um equipamento através de cabo Ethernet ou WiFi.",OLT,NAP,ONT,SPLITTER,C,
"2) Léo precisa instalar cabos em três apartamentos. No primeiro ele usou 7,8 metros de cabo No segundo, 9,5 metros No terceiro, 8,7 metros Quantos metros de cabo ele usou no total?","26,0 m","25,0 m","25,8 m","26,5 m",A,
3) Sobre as soluções de conectividade o que é o Wi-Fi Mesh?,Um sistema com vários pontos de acesso que ampliam e estabilizam o sinal de Wi-Fi pela casa,Um roteador que funciona apenas com conexão via cabo,Um cabo especial que aumenta a velocidade da internet,Um aplicativo para gerenciar a velocidade da conexão,A,
4) O Cabo Óptico Drop Flat é utilizado na instalação ao cliente final. Ele é composto por:,"Plástico, capa e laser óptico","Conector mecânico, capa e mensageiro.","Núcleo, Capa e mensageiro","Mensageiro, Fibra Óptica e Elemento de Tração",D,
5) Qual é o aplicativo disponível para o instalador onde é possível verificar os detalhes da instalação?,Conectado,Speedtest,Técnico Nota 10,WhatsApp,C,
6) Qual é a forma correta de trabalhar em altura segundo as normas de segurança?,Subir na escada de chinelo e confiar no equilíbrio.,"Usar EPI (cinto, talabarte, capacete) e EPC (linha de vida, cones) adequados.","Evitar EPI porque ""atrapalha o serviço""",Pedir para alguém segurar a escada,B,
7) Qual funcionalidade do serviço inteligente do Fone permite alternar entre chamadas?,Chamada em espera,Conferência a Três,Siga-me,PABX,A,
"8) Com o CLARO TV+ BOX o cliente tem acesso ao melhor da programação, e com acesso a diversos Apps de streaming, direto do decodificador. Selecione a que não contém o app disponível em nossa box:",Globo Play,Deezer,Prime Video,Netflix,B,
"9) Complete a lacuna: Para um atendimento diferencial e satisfatório, a Claro adotou o uso do_______ como acessório OBRIGATÓRIO, ele deve ser utilizado internamente TODAS as vezes que você visitar a residência do cliente, seja para assistência técnica, instalação ou serviço.",Carro personalizado com a marca Claro,Mala de Ferramentas Personalizada,Propé,Óculos de segurança,C,
"10) Sobre as soluções de conectividade, o que é o Ponto Ultra?",É rede #NET-CLARO-WIFI é a rede Wi-Fi fora de casa da Claro. São milhares de pontos de acesso Wi-Fi disponíveis.,Todas as alternativas acima,"É uma solução que permite maior alcance e capacidade na rede WI-FI, com tecnologia Dual Band.","É a ativação de um ou mais pontos com extensão via cabo ethernet, para potencializar a conexão com total estabilidade",D,
11) Qual é o primeiro procedimento que o instalador deve realizar ao chegar na base?,Instalar o ONT,Checar a NAP mais próxima,"Ativar a rota no TOA e iniciar a atividade ""Na Base""",Colher a assinatura digital da OS,C,
"12) ""Para maior comodidade, o cliente poderá usar o controle remoto da Claro nas funções básicas (Ligar/desligar e controle de volume do seu televisor e/ou Home Theater."" A afirmação acima é:",Verdadeira,Falsa,NDA,Todas as alternativas,A,
13) Uma instalação começa às 8h15 e termina às 11h40. Quanto tempo durou o serviço?,3h25min,3h30min,3h15min,3h20min,A,
"14) Na NAP, havia 16 portas disponíveis. Pela manhã, o técnico ativou 7 clientes. À tarde, ativou mais 6. Quantas portas livres sobraram no final do dia?",3,4,5,6,A,
15) Qual o tipo de fibra utilizado em nossa rede GPON?,Monomodo,Multimodo,NDA,Todas alternativas,A,
"16) Rafa levou 60 metros de cabo para uma instalação. Ele cortou: Um pedaço de 12,5 m Outro de 18,5 m E mais um de 9 m Quantos metros ainda restam?",22 m,19 m,21 m,20 m,D,
17) O que o instalador deve fazer antes de realizar o trabalho em altura?,"Ativar a rota no TOA e iniciar a atividade ""Na Base""","Fazer a APR, usar os EPCs e EPIs e ativar o botão escada no Nota 10",Conferir a NAP mais próxima e instalar o ONT,Colher a assinatura digital da OS,B,
18) Um técnico faz 4 instalações no dia. Cada instalação leva 1h35min Para cada instalação há um deslocamento de 25 minutos Qual é o tempo total gasto no dia (instalações + deslocamentos)?,7h40min,7h50min,8h,8h10min,C,
"19) Com base nos conceitos básicos de informática, qual memória o computador utiliza para auxiliar o processador nas execuções das tarefas, informações e programas?",Memória USB,Memória HD,Memória RAM,Memória Física,C,
20) A__________é o equipamento responsável pela comunicação e gerenciamento das ONT's instaladas nos clientes.,ONT,OLT,SPLITTER,NAP,B,
"21) Quantos elementos ativos há entre a OLT e a ONT, em uma rede GPON?",Dois,Três,Nenhum,Um,C,
22) O modelo conhecido como SC - APC (Standard Connector - Angled Physical Contact ) é o padrão atual utilizado em nossas redes FTTH. A sua atenuação Média em (dB) é de:,1,0.5,0.23,0.35,B,
"23) Ao finalizar a instalação do cabeamento óptico e PTO, você deve medir o sinal de downstream utilizando o Power Meter. Para realizar corretamente a aferição da potencia óptica, qual o comprimento de onda que você deve selecionar no medidor?",1550 nm,1560 nm,1490 nm,1310 nm,C,
24) RX é o nível de potência óptica que a ONT recebe da OLT. O range de sinal na ONT é de:,-25 dBm a 0 dBm em 1490nm,-0 dBm a -5 dBm em 1490nm,n.d.a,-27 dBm a -08 dBm em 1490nm,D,
25) TX é o nível de potência óptica que a ONT envia para OLT. O range de sinal da ONT é de:, +8 dBm a +27dBm em 1310nm,-8dBm a -25dBm em 1310nm, +0 dBm a -5dBm em 1310nm, +0 dBm a +5dBm em 1310nm,D,
"26) Você pode consultar os níveis de sinal de uma ONT já instalada, de uma forma muito simples, através de seu Smartphone! Para isso, acesse:",www.anatel.gov.br,www.consulta.ont.com.br,www.net.com.br,niveis.virtua.com.br,D,
"27) A abertura de ocorrência para Rede Externa poderá ser feita após a medição da NAP/CTO, onde a potência medida esteja fora do limite mínimo de:",-8 dBm,-25 dBm,-27 dBm,-28 dBm,B,
28) Qual a capacidade de tráfego da rede GPON?,"downstream 2,5 Gbps e upstream 2,5 Gbps","downstream 1,25 Gbps e upstream 1,25 Gbps","downstream 2,5 Gbps e upstream 1,25 Gbps",downstream 10 Gbps e upstream 5 Gbps,C,
29) Qual é o nível de divisão de nossa rede GPON?,01:16,1:64,01:32,1:256,B,
30) Qual o significado da sigla GPON?,Passive Optical Network,n.d.a,Gigabit Passive Optical Network,Ethernet Passive Optical Network,C,
"31) Para fazer a passagem da fibra óptica do poste para a residência do cliente você precisa certificar que o poste de passagem será o mais próximo da residência do cliente. E para fazer a travessia da fibra na rua, o técnico deve seguir a seguinte regra:","Mínimo de 6,5mts de altura","Mínimo de 5,15mts de altura","Mínimo de 3,15mts de altura","Mínimo de 7,15mts de altura",B,
"32) Em uma instalação, utilizamos o SRDO (esticador) para levar o cabo óptico da NAP até a casa do cliente. Quantos SRDO podem ser utilizados em uma instalação?",A instalação não pode possuir mais de 4 SRDO,A instalação não pode possuir mais de 3 SRDO,Deve ser utilizado a quantidade necessária para uma instalação de qualidade,A instalação não pode possuir mais de 5 SRDO,C,
"33) A distancia máxima do DROP (da NAP até a ONT do cliente) é de___________, utilize as informações de distancias contidas no cabo para confirmar a distancia.",200 metros,150 metros,300 metros,250 metros,B,
"34) Na instalação do cabeamento interno onde o cabo ficará exposto, utilizamos o fixa fio para acomodar o cabo óptico. Em uma parede com espaço de 3 metros para passagem do cabo o espaçamento entre os fixa fios deve ser de:",40cm,30cm,50cm,60cm,C,
"35) Após passagem da fibra óptica pelos anéis AGF, você deve retirar o mensageiro do cabo a partir do:",penúltimo anel da lateral do poste,não é necessário cortar o mensageiro,ultimo anel da lateral do poste,Adaptador ECAM,C,
36) É obrigatório inserir os __________ para identificar os clientes na NAP. A leitura sempre será da esquerda para a direita.,ECAM,SRDO,Numeradores,SDA,C,
37) A informação com o código da NAP que deve ser utilizada na Instalação você encontra no:,Minha Claro Residencial,App Tecnico Nota 10,Conectado,TOA,D,
38) A utilização do ECAM é obrigatória. Da ponta do Conector até o começo do ECAM tem o espaçamento de:,n.d.a,Não é necessário instalar ECAM,"12,5 cm",5 cm,C,
"39) Ao subir a escada para acessar a rede externa, utilize a _____ nos cabos e cordoalhas antes de ancorar o talabarte.",Caneta Localizadora de Falhas,Chave de Fenda,Caneta de Limpeza de Fibra,Chave de Teste,D,
40) É obrigatório utilizar a bucha de acabamento sempre nos dois lados da parede quando realizar furos de passagens dos cabos. A pingadeira da entrada na residência do cliente precisa conter uma circunferência com diâmetro de _______cm:,20cm,12cm,15cm,30cm,C,
"41) O local da instalação da ONT é muito importante para garantir a cobertura nos locais onde o cliente mais utiliza seus equipamentos. A potencia do Wi-Fi, através do Wi Analyzer, deve estar dentro de quais limites de sinal para garantir uma boa navegação através da conexão sem fio?",- 10 dBm a - 70 dBm, +8 dBm a +28 dBm, +10 dBm a -70 dbm,-8 dBm a -28 dBm,A,
"42) Para os casos de problemas na Portabilidade, qual site podemos consultar para qual operadora a linha pertence?",http://niveis.virtua.com.br,https://consultanumero.abrtelecom.com.br/,http://www.anatel.com.gov,http://datacenter.virtua.com.br,B,
"43) Após a configuração do Band Steering é imprescindível mostrar ao cliente que a rede configurada já está visível para os dispositivos que o Cliente utiliza e tenha certeza de que todos os dispositivos do Cliente ficaram funcionando. Sobre o teste de velocidade, selecione a alternativa correta:","Não é necessário realizar teste de velocidade e muito menos apresentar o resultado ao cliente, após instalação do produto","Sempre realize o teste de velocidade o mais distante possível do modem, para que ele priorize a conexão com a rede de 2.4GHz, sendo essa a melhor em performance de dados.","Realize o teste de velocidade próximo ao modem, para que ele priorize a conexão com a rede de 5GHz, obtendo melhor performance e resultados na realização dos testes.",Todas as alternativas acima estão corretas,C,
"44) O Vírtua (GPON) é vendido nas velocidades de 350, 600, 750 Mega e 1 Giga. Qual a velocidade de upload delas respectivamente?","175, 300, 350 e 500 Mbps","175, 300, 300 e 600 Mbps","150, 300, 450 e 600 Mbps","150, 280, 350 e 500 Mbps",A,
"45) O Cliente que solicitar um combo da Claro que contenha o serviço de Voip, será responsável pela conexão de seu telefone fixo Claro Fone, não havendo a necessidade de nenhuma ação sua para a instalação desse produto. Nesse caso você efetua a baixa da O.S com o código:",#409 Serviço Concluído,#411 Fone instalado pelo cliente,n.d.a,#410 Auto Instalação Concluída,D,
46) _______________é uma ferramenta que permite descobrir o caminho feito pelos pacotes desde a sua origem até o seu destino.,ping,Tracert,cmd,ipconfig,B,
47) Qual dos itens abaixo não é um serviço inteligente do Claro NET FONE?,Identificador de Chamadas,Conferência a Três,Acompanhe-me,Chamada em Espera,C,
"48) No Prompt de Comando do Windows, quais comandos são utilizados para verificar, liberar e renovar IP respectivamente?","cmd, renew e release.","Ipconfig, Tracert e Renew.","Ping, Ipconfig e cmd.","Ipconfig, Ipconfig/release e Ipconfig/renew.",D,
"49) Um cliente está realizando um download de um arquivo de aproximadamente 4GB, sua taxa de transferência segue constante em 7,5MBps. Sabendo que a velocidade aceitável é no mínimo 80% da velocidade contratada pelo cliente, qual a velocidade contratada neste caso?",100 Mbps,30 Mbps,60 Mbps,4MBps,C,
"50) Para clientes com Vírtua acima de 600Mbps, o teste de velocidade deverá ser executado no:",minhaoperadora.com.br,Speedtest CLI,www.brasilbandalarga.com.br,www.minhaconexao.com.br,B,
"51) Das dicas abaixo, qual é a alternativa correta que pode evitar uma Quebra de Agenda por Motivo de cliente Ausente?","Use o Status correto no TOA, vá em \""detalhes da atividade\"", utilize a opção \""ligar para o cliente\"" e tente duas ligações ao cliente, cada uma delas com tempo mínimo de 15 segundos",Solicite que o COP/EPO ligue para o cliente antes do deslocamento.,Nenhuma das alternativas acima estão corretas.,Ligue para o cliente antes do deslocamento através do Whatsapp.,A,
52) O que é TNPS?,"É o Transactional Net Promoter Score, onde a cada atendimento que você realiza, o Cliente pode fazer uma avaliação através de e-mail ou do aplicativo MINHA CLARO. inserindo uma Nota de 0 a 10.",Indicador de atendimento no prazo.,"É o Technical Net Promoter Score, onde é contabilizado 0 % de revisita de seus atendimentos",n.d.a,A,
"53) No Claro TV+ App,  o cliente conta com mais de 100 canais AO VIVO, além de mais de 50 mil conteúdos On Demand, para assisitir em seu tablet, smartphone, PC ou Smart TV. A afirmação acima é:",Verdadeira,Falsa,n.d.a,O aplicativo so pode cadastrar somente 1 dispositivo,A,
"54) Ao final de cada instalação, é muito importante encantar o cliente e direciona-lo para a melhor experiência com os produtos e serviços que a Claro oferece. Das opções a seguir, quais são as informações que não podem faltar durante um atendimento de excelência?","Telefone da Central de atendimento, telefone do coordenador",Todas as opções estão corretas,"Utilização do Claro TV+, Instruções do controle Remoto, Apresentação do aplicativo Minha Claro.",Nunca esqueça de informar seu telefone para caso o cliente precise,C,
"55) Quando o cliente liga na central para reclamar de uma visita tecnica no qual o seu Decoder não habilitou, qual indicador esta sendo afetado nesse momento?",X5,ISRA,Contact Rate,TEC1,C,
56) O que é a Auto Inspeção?,"Recurso presente no aplicativo TOA, onde você descreverá a instalação no campo observação da ordem de serviço.",Recurso onde o Tecnico de Controle de Qualidade avalia sua instalação ao vivo através de videoconferência.,"Recurso presente no aplicativo Técnico Nota 10, onde você deverá registrar os principais pontos ao final de sua Instalação, através de fotos.",n.d.a,C,
"57) O cliente com Claro TV+ Box poderá ter além do ponto principal, até ___ adicionais.",1,2,3,0,B,
"58) Para que o aplicativo MINHA CLARO seja indicado ao cliente, cite a opção com algumas vantagens existentes:",Mudança de titularidade e Mudança de pacote,"Segunda via da Fatura, Suporte Técnico, Solicitar Mudança de endereço e consultar a franquia de Internet.",Login e senha do Wi-Fi e habilitar e desabilitar dispositivos,Solicitar Mudança de pacote e Suporte Remoto/Presencial,B,
"59) Sobre o Atendimento Consultivo e Soluções de Conectividade, selecione a alternativa correta:",Todas as alternativas acima,"Durante o seu atendimento, caso identifique alguma oportunidade de upgrade de TV ou Vírtua, oriente o Cliente a cancelar a assinatura e contratar o serviço novamente, através do App Minha Claro Residencial ou Central de Atendimento.","Após análise do cenário, caso identifique oportunidade, explique e ofereça as nossas soluções de conectividade ao cliente. Em seguida, preencha o check list e oriente o Cliente a entrar em contato com o canal Claro para Atendimento Consultivo.","O atendimento consultivo é um serviço no qual o cliente tem à disposição profissionais especializados para auxiliá-los na instalação e configuração de devices como notebook, computador desktop, smart TV, videogames, smartphone e Tablets, etc. Ele é realizado por Técnicos de Manutenção das áreas de Alto Valor.",C,
"60) Sobre o Claro TV+ App, o cliente pode cadastrar:",5 dispositivos e ter 2 acessos simultâneos.,Não há limite de cadastro e nem de acesso.,3 dispositivos e ter 4 acessos simultâneos.,10 dispositivos e ter 5 acessos simultâneos.,A,
61) Na falta da etiqueta Wi-Fi (usuário e senha do EMTA) o que deve ser realizado?,Anotar a numeração do SSID e SENHA em qualquer local da OS.,É obrigatório o preenchimento das informaçõ es SSID e SENHA no campo observação da OS.,Pedir para que o cliente entre em contato com a central de atendimento.,Deixar o seu numero de telefone para o cliente te ligar quando necessário.,B,
"62) Conforme procedimento de Baixa na URA, para o MAC 0023754F1608, é necessário digitar para o caractere hexadecimal ( F ) : ",*6,*06,6,#6,B,
"63) Dos padrões de redes Wi-Fi abaixo, qual nos proporciona a maior velocidade da taxa de transmissão?   ",g,n,a,ac,D,
64) Sobre a facilidade CONFIGURAÇÃO SENHA WI FI:   ,"Com essa nova facilidade nosso cliente conseguiu Consultar, trocar a senha e nome da rede WI-FI de sua casa apenas através do site, ainda não está disponível pelo NETAPP.","Consultar, trocar a senha e nome da rede WI-FI de sua casa através do NET APP e também pelo site MINHA NET."," Consultar, trocar a senha e nome da rede WI-FI de sua casa atraves do NET APP, ainda não está disponível pelo site MINHA NET.",n.d.a,B,
65) Qual alternativa corresponde aos problemas causados ao cliente caso ele não seja orientado sobre o uso de senhas?   ,Compra de conteúdos do NOW sem os seu conhecimento,Ligações na central para solicitar estorno de valores referente a compras,Reclamações nos órgãos de defesa ao consumidor,Todas as alternativas estão corretas,D,
66) São características da fibra óptica.,Alta atenuação ;,Necessidade de amplificação a cada 2Km,Maior sensibilidade a interferências eletromagnéticas;,Nenhuma das alternativas.,D,
"67) Se o cliente agendar uma visita para ser atendido das 11:00 às 14:00 e o técnico chegar às 14:20, qual Indicador será afetado?",ISRA .,STFC .,SCM .,TEC1 .,D,
68) Em relação ao poste da residência do cliente é correto afirmarmos que:,Utilizamos o suporte da companhia telefônica somente com autorização de cliente,Não é permitida a utilização do suporte da companhia telefônica,É necessário utilizar o U Span Clamp poste somente nos casos em que instalarmos CLARO Fone,É necessário utilizar o U Span Clamp poste somente se não houver suporte da companhia telefônica,B,
69) Durante os testes de potência do WI - FI   o   Técnico Jonny se lembra de que o ideal  em   relação à  potência do WI - FI:,80% dos cómodos com a potência entre - 10dBm e - 70 dBm,60% dos cômodos com a potência entre - 10dbm e - 70d Bm,80% dos cômodos com a potência entre - 50dBm e - 120cm,60% dos cômodos com a potência entre - 50dBm e - 12dBm,A,
"70) Durante a instalação da extensão  telefônica , caso  o   cliente queira adicionar outros pontos de  extensão qual o   procedimento que você deve tomar?",Você deve instalar as extensões solicitadas pelo cliente e efetuar a cobrança em dinheiro referente a cada ponto de extensão instalado,"Caso o ponto solicitado pelo cliente não esteja contemplado na W.O, oriente o cliente solicita-las via CRN, antes de baixar o serviço. pois a O.S referente aos novos pontos serão agrupado na mesma W.O.",O cliente deve solicitar a instalação dos novos pontos de extensão na CRN após o fechamento da W.O que você se encontra.,n.d.a,B,
71) O que é RQUAL?,É uma nova regulamentação da Anatel que consolide e simplifica todas as normas de qualidade de serviços para operadores de Telecomunicações em um regulamento único.,É uma nova regulamentação da Anatel que consolida e simplifica todas as normas de qualidade de serviços para operadores de fibra optica em um Regulamento único.,É uma nova regulamentação da ANA que consolida e s implifica todas as normas de qualidade de serviços para operadores de saneamento e m um regulamento único.,É uma nova regulamentação da CableLabs que consolida e simplifica todas as normas de qualidade de serviços para operadora de cabo mundial em um regulamento único.,A,
"72) Sobre a Configuração dos serviços  Inteligentes   do Fone, qual das Informações abaixo está correta?","O SIGA - ME não está disponível para os pacotes que não possuem o Busca Automática. Ou seja, o cliente deve escolher entre o Busca Automática e o SIGA - ME",SIGA - ME só pode ser habilitado após o pagament o da fatura.,"SEMPRE que configurar o SIGA - ME, desative o serviço de CHAMADA EM ESPERA, pois o mesmo é incompatível com o funcionamento do sistema de redirecionamento",Todas as opções estão corretas .,B,
"73) Para obter o título de Técnico Certificado, quais são os parâmetros que devem  ser  cumpridos?","Cumprimento de Agenda, Revisita e Produtividade .","Contact Rate, Revisita e Produtividade.","TEC1, ISRA e AT",n.d.a,A,
74) O que é portabilidade?,"É a facilidade que permite o cliente manter o número de telefone fixo ou móvel, independentemente da operadora a que estiver vinculado;",É a facilidade que permite o cliente trocar um número de telefone fixo para um móvel;,"É a facilidade que permite o cliente manter o número de telefone fixo ou móvel, i ndependentemente da operadora mesmo com titulares diferentes;",N.d.a.,A,
75) Qual a importância de alternar corretamente o Status no PDA?,Não faz diferença alterar o Status para execução do trabalho," Não tem importância, pois os únicos Status utilizados são o deslocamento e Iniciar a rota.", O Status é importante para que o Field consiga otimizar a rota dos Instaladores e evitar deslocamento indevido., O Status é importante para que o Supervisor consiga visualizar onde o Instalador está.,C,
"76) A respeito da Norma Regulamentadora no 35 (NR-35) – Trabalho em Altura, no que diz respeito e cabe ao empregador quanto à avaliação do estado de saúde dos trabalhadores que exercem atividade em altura, assinale a alternativa correta.","A NR-35 não estabelece periodicidade para avaliação dos trabalhadores que executam trabalho em altura; cabe ao médico responsável estabelecer a periodicidade dos exames, considerar a relevância da NR-07 e analisar o histórico de cada trabalhador.","Os exames médicos realizados, bem como a sistemática implementada, para trabalhadores em altura, não fazem parte do Programa de Controle Médico de Saúde Ocupacional (PCMSO) da empresa, considerando-se a situação desses trabalhadores uma situação a se trat.","De acordo com a NR-35, a avaliação de saúde do trabalhador em altura deve ser realizada trimestralmente e contemplar a avaliação de esforço físico; a avaliação de acuidade visual só precisa ser realizada uma vez a cada ano.","De acordo com a NR-35 e com a NR-07, os trabalhadores com histórico de epilepsia, desde que devidamente medicados, podem participar do quadro de trabalhadores em altura.",A,
"77) Dos padrões de criptografia Wi - Fi listados abaixo, qual é considerado o mais seguro?",RADIUS - PSK,WEP,WPA + TKIP,WPA2+AES,D,
"78) Em relação ao  Virtua WI - FI, o que é importante analisar antes de realizar a instalação?","Melhor caminho para se passar o cabeamento, independente do local onde será instalado.",Melhor local para não interferir esteticamente na sala do cliente.,"Melhor local para propagação do sinal WI - FI, de preferencia em um cômodo central da residência.","Onde fica a sala para instalar o Virtua, pois neste local será utilizado com maior frequência internet através da TV e dos Celulares.",C,
"79) Para verificar se o sinal de Wi - Fi de qualquer local da casa do cliente é suficiente para se  conectar a internet,   você deve verificar:","intensidade da conexão usando o Wi - Fi Analyzer ou WIFI-MAN, que deve ser de - 40 a - 70 dBm.","A visão geral do WiFi Analyzer ou WIFI-MAN, prestando atenção à curvatura do sinal, que não deve ser muito acentuada estando entre 40dBmV e 52dBmV.","O canal utilizado, pois se houver muitos roteadores o sinal será mais forte ficando entre - 1 2dBmV e +12dBmV.","O canal utilizado, pois usar um canal livre deixa o sina f raco.",A,
80) Qual hierarquia de conexão de cabos devemos respeitar pa ra   termos a melhor experiência em  assistir TV?,Vídeo Componente; Áudio e Vídeo; S - VHS; HDMI;, HDMI; Vídeo Componente; S - VHS; Áudio e Vídeo;, S - VHS; HDMI; Vídeo Componente; Áudio e Vídeo;, HDMI; S - VHS; Vídeo Componente; Áudio e Vídeo.,B,
81) O que você entende por Combo Multi   ?,"A mais completa seleção de serviços de telecomunicações do País, reunindo o melhor das três marcas: NET, Claro e Embratel"," A mais nova banda larga da NET, Claro e Embratel", É a nova seleção de TV da Claro e Embratel," É a nova seleção de TV da NET, Claro e Embratel",A,
"82) Um cliente está realizando um download de um arquivo de aproximadamente 4GB, sua taxa de transferência segue constante em 3,75MBps. Sabendo que a velocidade aceitável é no mínimo 80% da velocidade contratada pelo cliente, qual a velocidade contratada neste caso?",10 Mbps,30 Mbps,1500 Kbps;,27 MBps.,B,
"83) ""Sobre a Autoinspecção é correto afirmar que: (T1 294).""
""I. A funcionalidade de Autoinspecção deve ser utilizada em novas Instalações e Mudança de Endereço.""
""II. Para as visitas improdutivas, o Botão de Inspeção deverá ser utilizado também para registrar eventos como: Chuva, Endereço não localizado, Entrada não autorizada e Área de risco.""
""III. No campo de observações, coloque informações pertinentes à vistoria realizada.""
""IV. A Autoinspecção tira a obrigatoriedade do preenchimento da OS Digital.""","I, II e III estão incorretas","I, II e IV estão corretas","I, II e III estão corretas","I, II e IV estão incorretas",C,
"84) Em todas as situações de atendimento, temos a obrigação de encantar o cliente e direcioná-lo para a melhor experiência com os produtos e serviços oferecidos. Das opções a seguir, quais são as informações que não podem faltar durante um atendimento de excelência?"," Telefone da Central de atendimento, telefone do coordenador","Utilização do Now, Instruções do controle Remoto, Apresentação do aplicativo MINHA CLARO",Nunca esqueça de informar seu telefone para caso o cliente precise,Todas as opções estão corretas,B,
"85) Conforme podemos observar na atividade conhecendo os decoders, qual a função e o problema  que   pode acontecer quando não utilizamos a fonte certa para o equipamento desejado?"," As fontes tem a função de ligar os equipamentos. A utilização de uma fonte correta acarreta o mau funcionamento do equipamento, porem o mesmo não para de funcionar.","As fontes tem a função de transformar a corrente AC da rede elétrica residencial em corrente DC, para o correto funcionamento dos equipamentos. A utilização de uma fonte correta acarreta o mau funcionamento do equipamento, que dependendo do caso poderá ser seriamente danificado.","As fontes tem a função de transformar a corrente AC da rede elétrica residencial em corrente DC, para o correto funcionamento dos equipamentos. A utilização de uma fonte incorreta acarreta o mau funcionamento do equipamento, que dependendo do caso poderá s er seriamente danificado.","As fontes tem a função de transformar a corrente elétrica residencial em corrente AC, para o funcionamento dos equipamentos. A utilização de uma fonte incorreta acarreta na maioria dos casos o mau funcionamento do equipamento, porem o mesmo não para de fun cionar .",C,
86) Para qual dos serviços abaixo é necessário que o cliente ligue na CRN (CENTRAL DE  RELACIONAMENTO   NET) para solicitar ativação?, Identificador de chamadas,Siga - me,Chamada em espera,Conferência a três,B,
87) Um dos indicadores do Programa Geral de Metas da Qualidade da Anatel é o ISRA. Qual o  significado da   sigla e o que ele mede?,"Indicador de Solicitação de Reajuste Atendido, mede o percentual de reajustes na fatura cadastrados no sistema em menos de 24horas.","Indicador de Serviços Relacionados ao Atendimento, mede o percentual de ligações na central.","Índice de Serviços de Realizados Avulsos, mede o percentual de reparos atendidos sem cadastrado no sistema.","Indice de Solicitação de Reparo Atendido, mede o percentual de reparos atendidos em 24h da data/período cadastrado no sistema.",D,
"88) Para configurar corretamente um IP Fixo em nosso eMTA/ONT, precisamos de quais informações? (EAD Procedimentos NET Virtua II)","Endereço IP, Máscara de rede, Gateway e DNS primário e secundário.","Endereço IP, Máscara de rede, Gateway.",Apenas do Endereço IP.,Não configuramos IP Fixo em nossos eMTA's.,A,
89) O NET Fone só funciona em telefones homologados pela ANATEL e que utiliza o padrão de  discagem:,FSK;,Pulse;,DTMF ou TOM;,VoIP.,C,
90) IPCONFIG /RELEASE é um comando digitado para forçar a renovação de um IPV4 ou IPV6  dinâmico em um   determinado hardware (placa de rede ou WiFi). Essa afirmação é verdadeira?,Não é possível forçar a renovação do IP.,"Não, o comando que utilizamos para renovação do IPCHKDSK","Não, o comando que utilizamos para renovação do IP IPCONFIG /RENEW","Sim, a afirmação está correta",C,
"91) Dentre as opções abaixo, qual representa   baixo potencial de barreira/interferência para o sinal  de Wi-Fi ?",Madeira e Gesso .,Agua e Arvores .,Concreto e Metal,Micro - ondas e Telefone sem fio .,A,
"92) Sobre o teste de Tracert, é correto afirmar que :","É um comando para configurar, habilitar desabilitar o Firewall da máquina .","É um teste de rota que visualiza a solicitação de acesso a uma determinada página ou servidor com o objetivo de verificar lentidão, bloqueio ou gargalo ao site solicitado.",É um teste para determinar se a velocidade da navegação do cliente está dentro ou fora da velocidade contratada .,É um teste para verificar a existência de vírus ou Cavalo de Tróia no computador do cliente,B,
93) A configuração 1920 x 1080 pixels refere-se a qual tipo de resolução de TV? ,SD,HD,FULL HD,ISDB,C,
"94) O cliente possui uma TV de LCD com alta definição é um decoder HD, qual das opões abaixo o  cliente consegue ter imagem em alta definição ?",Utilizando o cabo HDMI,Utilizando o cabo SPDIF,Utilizando o cabo Vídeo Componente,Utilizando o cabo S - VHS .,A,
"95) Sobre o NOW/nowonline selecione a alternativa correta:  I.O aluguel de conteúdo pago pode ser feito pela TV, computador e aplicativo Android e podem ser assistidos em todos os dispositivos pelo período de 48h, a partir do momento do aluguel;  II. O cliente pode cadastrar até 2 dispositivos móveis (Smartphone/Tablet) e um computador;  III. Pode dar play em 1 dispositivo móvel e 1 computador ao mesmo tempo, além da TV que é independente.  ",Apenas a afirmação I está correta,Apenas a afirmação Il está correta,Apenas as afirmações I e III estão corretas,Todas as afirmações estão corretas,D,
96) Qual a finalidade da pingadeira?,Evitar que haja infiltração de água na casa do cliente através do cabo.,Apenas para deixar a estética da instalação ideal ;,Serve como reserva técnica caso o cliente queira mudar local ;,Ocasionar infiltração de água na casa do cliente ;,A,
97) Quais as partes que compõem um cabo de Fibra Óptica?,Capa protetora ;,Casca ;,Núcleo ;,Todas as alternativas acima .,D,
"98) Ao executar o teste de navegação após a instalação do produto Virtua, o teste de download apresenta uma taxa de transferência de 7,5 MBps, qual é a velocidade contratada desse cliente? ",100 Mbps, 12 Mbps, 120 Mbps, 60 Mbps,D,
"99) O cliente adquiriu uma TV 4K com aplicativos de programação que transmitem conteúdos em Ultra HD. Essa TV será conectada via Wi-Fi e além de ser compatível ela recebe com qualidade as 2 redes (2.4 e 5 GHz) disponibilizadas pelo eMTA dual band. Das opções a seguir, qual é adequada para essa instalação?","Conectar a Tv na rede de 2,4 Ghz que sofre menos interferência apesar da banda de transmissão ser menor"," Conectar a Tv na rede de 2,4 Ghz que sofre mais interferência e possui uma banda de transmissão maior", Conectar a Tv na rede de 5 Ghz que sofre mais interferência apesar da banda de transmissão ser maior, Conectar a Tv na rede de 5 Ghz que sofre menos interferência e possui uma banda de transmissão maior,D,
"100) Quando o Cliente possui um sistema de VPN e abre reclamação que parou de funcionar, devemos observar abaixo:",Se o Cliente possui um IP dinâmico e o E-MTA em Bridged, Se o Cliente possui um IP Nateado, Se o Cliente possui um IP Fixo, Se o Cliente possui um IP dinâmico,B,
"101) Sobre o procedimento de Instalação Wi-Fi, selecione a alternativa correta: (Treinamento de 1 Ponto 196 A)",I - Sempre priorize a melhor cobertura de sinal nos cômodos onde o cliente informar que mais utilizará o WI-FI;,"II - A cobertura deve ser garantida em 80% dos cômodos com potência entre -10dBm e -70dBm, nos outros 20% dos cômodos, a cobertura deve estar entre -70dBm e -90dBm","III - Onde não houver cobertura de sinal entre -10dBm e -70dBm, explique ao cliente que nesse cômodo há possibilidade de problemas de navegação ou lentidão na navegação (anote na O.S. essa informação);",lV - Todas as alternativas estão corretas,D,
"102) Dos padrões de redes Wi-Fi abaixo para um Cliente de (1Gbps), qual nos proporciona a maior velocidade da taxa de transmissão? (EAD Procedimentos NET Wi Fi).",ac, g, ax, n,C,
103) Referente as redes 2.4GHZ e 5.8Ghz qual a afirmação abaixo esta correta,A de 2.4Ghz possui menor alcance e maior volume de transmissão WI-FI do que a de 5.8Ghz, A de 2.4Ghz possui o mesmo alcance e volume de transmissão WI-FI do que a de 5.8Ghz, A de 2.4Ghz possui maior alcance e menor volume de transmissão WI-FI do que a de 5.8Ghz, A de 2.4Ghz possui maior alcance e maior volume de transmissão WI-FI do que a de 5.8Ghz,C,
104) Sobre o TNPS e o NPS (Medição de Satisfação do Cliente) assinale abaixo a correta informação.,I. TNPS é referente ao atendimento do Técnico e o NPS é referente a Satisfação do Produto ou Marca,II. TNPS é referente a Satisfação do Produto ou Marca e o NPS é referente ao atendimento do Técnico,Nenhuma das alternativas acima,n.d.a,A,
"105) Dos padrões de criptografia Wi-Fi listados abaixo, qual é considerado o mais seguro? (EAD ETN – WiFi)",RADIUS-PSK, WEP, WPA, WPA2,D,
"106) Complete com a alternativa correta. Um cliente contratou uma velocidade de 60___. Com esta Velocidade ele pode realizar download até 7,5___.", MBps; MBps, MBps; Mbps, Mbps; MBps, Mbps; Mbps,C,
"107) Qual a função do teste de velocidade, ping e Tracert, respectivamente?"," Testa a velocidade, pinga e testa o traço"," Testa a velocidade, verificar o tempo da conexão, traça a rota no mapa"," Testa a velocidade do pacote, vê o tempo da conexão, vê rota somente dentro da NET"," Testa se velocidade está dentro da contratada, testa a latência, faz um ping em todos os computadores no caminho até o endereço de internet desejado",D,
"108) O cliente reclama que em alguns canais de seu decoder HD ele não consegue alterar o volume pelo controle remoto NET, somente com o da TV. O que deve ser feito para solucionar este problema?", Solicitar ao cliente que troque sua TV por uma que tenha entrada HDMI," Configurar o controle remoto universal para controle do áudio da TV, e entregar um novo caso o cliente não possua", Trocar o cabeamento, Instruir cliente sobre este problema que não tem solução,B,
109) Uma aplicação em IPv4 consegue comunicar-se usando o protocolo IPv6?," Não, pois IPv6 não é dinâmico e o IPv4 é"," Não, pois um protocolo não é compatível com o outro"," Sim, pois ambos são protocolos de 32 bits"," Sim, pois são protocolos compatíveis",B,
"110) Um ONT está com o LED TEL1 piscando, porém o telefone está no gancho e cliente reclama que não faz e nem recebe chamadas. Dentre as opções abaixo, qual é o possível defeito?", Cadastro correto na Embratel, Extensões em curto, Saída RJ 45 queimada, Telefone em modo pulse,B,
111) O que significa efetuar um ROLLBACK em clientes com IP Nateado?, A possibilidade do retorno do cliente para o IPv4, É o comando dado para que o assinante receba o IPv6, É uma das etapas de migração para o IPv6, Todas as afirmações acima estão corretas,D,
112) O que é Ponto Ultra?," Um produto que permite ao cliente conectar seus dispositivos a partir do eMTA, por meio de uma conexão de cabo ethernet, em diferentes cômodos de sua casa."," Um produto que utiliza eMTA dual band. Na prática, a conexão da sua casa pode ficar até 5x mais rápida e com muito menos interferências do que rede a convencional.", Um produto que utiliza decodificadores HDNG e 4K nos pontos adicionais., Ponto adicional que utiliza decodificador UHD 4K.,A,
"113) O aplicativo técnico nota 10 possui diversas funções, uma delas é a verificação de TAP / NAP lotado. Assinale a alternativa correta:","A função TAP lotado mostra quais domicilios conectados no TAP / NAP são clientes ativos e inativos, auxiliando no momento da instalação.",A função TAP / NAP lotado ajuda o técnico a medir o sinal de CA e CB no TAP / NAP,A função de TAP / NAP lotado auxilia o técnico no momento do deslocamento para a visita,A função de TAP / NAP lotado auxilia o técnico a medir a velocidade do virtua,A,
"114) Quando o cabo entrar na fachada do domicílio do cliente, é necessário efetuar furo na parede, colocação de bucha de acabamento e realização de pingadeira. Qual o diâmetro da pingadeira?",35cm,15cm,20cm,27cm,B,
"115) Ao acomodar o cabo passado de forma exposta, qual a distância a ser respeitada entre os fixa-fios?",50cm,25cm,19cm,100cm,A,
"116) Ao término do seu atendimento, o cliente realiza uma pesquisa que avalia o seu atendimento. Qual é este indicador?",Revisita,Cumprimento de agenda,TNPS,Pesquisa Claro +,C,
"117) Durante o atendimento ao cliente, é necessário zelar pela ótima experiência do cliente com a nossa atuação. Quais quesitos são fundamentais para encantar o cliente durante o atendimento?",Ética e planejamento,Apresentação pessoal e empatia com o cliente,Testar e explicar todos os produtos instalados,Todas as alternativas,D,
118) Quais são as formas que cliente pode utilizar o auto atendimento pelo Minha Claro Residencial?,Somente Site,"Whatsapp, Site e Aplicativo",Somente aplicativo,Somente Whatsapp,B,
119) Qual a função do controle de qualidade?,Garantir aderência dos processos de instalação para que falhas de execução não impactem a experiência do cliente com os produtos Claro,Apenas apontar as falhas dos instaladores,Mostrar os acertos dos instaladores,,A,
120) Qual aplicativo devemos utilizar para a realização da baixa do serviço e habilitação dos terminais?,Work Assure,OFSC TOA,Autenticador Microsoft,Autenticador Oracle,B,
"121) O Minha Claro Residencial, permite ao cliente realizar várias atividades. Selecione a alternativa correta:",Trocar rede e senha do Wi-Fi,Segunda via de fatura,Abrir visitas técnicas,Todas as alternativas,D,
122) Quais são as etapas do atendimento consultivo?,"Planejamento, sondagem, diagnóstico, atendimento consultivo, encerramento do atendimento","Planejamento, sondagem, atendimento consultivo, encerramento do atendimento","Sondagem, diagnóstico, atendimento consultivo, encerramento do atendimento","Planejamento, sondagem, diagnóstico, encerramento do atendimento",A,
123) O que é o atendimento consultivo?,É um atendimento especializado prestado pela área comercial,É um atendimento de cliente caso crítico,É um atendimento convencional,É uma consultoria técnica focada em entregar a melhor experiência do cliente com os produtos Claro,D,
124) Qual é a meta de revisita de acordo com as métricas do técnico certificado?,Acima de 7%,Abaixo de 7%,Até 10%,Entre 8% e 10%,B,
125) Quais indicadores compõe o título de técnico certificado?,"Revisita, cumprimento de agenda e produtividade","IND4, IND5, IND6 e IND7","IND8, IND9 e INF1",Todos os indicadores do RQUAL,A,
"126) Sobre o Led de sinalização na cor amarela, podemos afirmar:",Os extensores estão se comunicando na rede de 2.4GHz. Aproxime os extensores até obter o Led Azul fixo ou interligue-os via cabo de rede ethernet.,"Os extensores estão se comunicando na rede de 5GHz, e isso é imprescindível para a melhor performance da rede Mesh.",Somente quando o extensor for o 1° ponto da rede mesh ele estará com o led amarelo.,Não há opção para Led amarelo nos extensores,A,
"127) Qual das seguintes opções descreve corretamente a política de instalação dos extensores Wi-Fi Mesh, de acordo com a informação fornecida?",A instalação via cabo de rede é necessária apenas quando os extensores forem instalados com eMTA/ONT diferente de CBN.,"A instalação via cabo de rede é obrigatória em todos os pontos, exceto quando há tubulação obstruída. Nesse caso utilize o código de baixa #477 - Instalação Mesh cabeada, para todas as tarefas de instalação efetuadas com cabo de rede Ethernet.","A instalação via Wi-Fi é sempre preferível em todos os casos. Nesses casos você deve utilizar o código de baixa # 409 - Instalação efetuada, para as tarefas de instalação dos módulos mesh via Wi-Fi.","A instalação via cabo de rede é opcional, independentemente das condições.",B,
"128) Para parear o eMTA CBN com os extensores via WPS, qual o procedimento correto?","1 - Pressione primeiro o botão WPS do extensor por 1 segundo. 2 - Em seguida, com o extensor indicando o Led piscando em vermelho, pressione o botão WPS do eMTA por 5 segundos. 3 - Ao final do processo, se existir uma conexão de qualidade entre os extensores, todos ficarão com o Led Amarelo.","1 - Pressione primeiro o botão WPS do eMTA por 5 segundos. 2 - Em seguida, com o extensor adicional indicando o Led fixo vermelho, pressione o botão WPS por 5 segundos. 3 - Ao final do processo, se existir uma conexão de qualidade entre os extensores, todos ficarão com o Led Azul fixo.","1 - Pressione primeiro o botão WPS do eMTA por 20 segundos. 2- Em seguida, com o extensor indicando o Led vermelho piscando, pressione o botão WPS por 15 segundos. 3 - Ao final do processo, se existir uma conexão de qualidade entre os extensores, todos ficarão com o Led Verde.",Não é possivel parear os extensores com o eMTA CBN via WPS,B,
"129) Diferente de outros modelos de eMTA, o CBN CH8568 pode ser configurado com a função Mesh, atuando como a 1ª célula da rede. A afirmação acima é:",Falsa,Verdadeira,nao se aplica,n.d.a,B,
130) Até quantos extensores podem ser conectados à mesma rede?,8 extensores.,2 extensores.,5 extensores.,4 extensores.,D,
"131) Sobre o Led de sinalização na cor azul fixo, podemos afirmar:",Conexão com qualidade média entre os extensores. Conexão estabelecida entre eles em 2.4GHz com potência superior à -65dBm.,Conexão estabelecida entre eles em 5GHz. Melhor conexão entre os extensores para a performance ideal com potência de até -55dBm.,Falha nas conexões,status de atualização,B,
132) O modelo de comercialização do Mesh CBN AP5541 será no formato:,"O modelo de comercialização do Mesh CBN será no formato Aluguel, ou seja, o cliente paga uma mensalidade para cada extensor instalado e a Claro fica responsável pela assistência e manutenção desses aparelhos","O modelo de comercialização do Mesh CBN será no formato Mercantil, no qual o Cliente compra o equipamento, porém a Claro não fica responsável pela manutenção desses aparelhos.",,,A,
133) Selecione a alternativa correta sobre as vantagens do Wi-Fi Mesh CBN?,"Ampliar a cobertura na casa do cliente, criando uma rede inteligente que determina o melhor ponto de conexão para cada dispositivo.","Ampliar a cobertura do sinal igual um sistema de repetidores, onde o cliente pode se deslocar sem queda do sinal wi-fi.",Criar uma rede com performance melhor do que o cabo ethernet.,Somente ampliar cobertura do sinal.,A,
"134) Para os cenários onde a instalação é com eMTA/ONT de outras marcas, no qual o extensor é a 1° célula da rede mesh, qual o procedimento deve ser adotado?","Deixar o Wi-Fi do eMTA do cliente ativo normalmente, com isso haverá um balanceamento entre as redes, o que é ótimo pra rede mesh.","Desativar o Wi-Fi do eMTA/ONT do cliente, para que o dispositivo acesse à rede Wi-Fi Mesh exclusivamente através dos extensores, além de configurar o extensor principal em modo router.","Configurar as redes Wi-Fi de 2.4GHz e 5GHz com SSID distintos, para que o cliente escolha em qual rede conectar.",Ativar o BandSteering e configurar os extensores como Acess Point.,B,
"135) Para a instalação dos extensores Mesh, a Claro recomenda:","Se a área for de até 60m² podemos instalar dois extensores Wi-Fi mesh, se for 90m² podemos instalar três extensores, ou seja um extensor a cada 30m².","Se a área for de até 150m² podemos instalar um extensor para cada comodo, totalizando três extensores.",Se a área for de até 200m² podemos instalar 02 estensores wi-fi mesh para uma cobertura ideial.,Um extensor é sufuciente para cobrir uma residência de alvenaria.,A,
"136) Sobre a função AUTODESLIGAR nos decodificadores HDNGs, qual é o procedimento mais adequado a ser realizado durante o atendimento?",Desabilitar a função AUTODESLIGAR sem informar o cliente para evitar interrupções no funcionamento do decodificador.,"A função AUTODESLIGAR não deve ser desabilitado e o cliente deve ser informado sobre essa funcionalidade, para que o decodificador sempre fique atualizado com as ultimas versões de software.","Não realizar nenhuma ação em relação à função AUTODESLIGAR, pois isso não afeta o desempenho do equipamento.",Informar ao cliente que a função AUTODESLIGAR é opcional e não necessária para o funcionamento correto do decodificador.,B,
137) A migração do IPv4 para o IPv6 exige que configuremos o e-MTA do cliente em qual modo? (TRILHA IPV6/CGNAT),Bridge,Cable,eMTA,Router,D,
138) O que é o Band Steering?,Band Steering é uma funcionalidade que estimula os dispositivos dos clientes a se conectarem na melhor frequência disponível e compatível no local.,O Band Steering permite apenas a conexão em 5GHz.,O Band Steering permite apenas a conexão em 2.4GHz,O Band steering é a função de desbloqueio dos eMTAs,A,
139) Qual o comando usado no CMD para medir o tempo de resposta da comunicação entre o seu computador e o servidor de destino?,Ipconfig,Ping,Ipconfig/all,Flush DNS,B,
140) Os dispositivos Wi-Fi 6 funcionam com as frequências:,Somente 5GHz,Somente 2.4GHz,2.4GHz e 5GHz,Somente 6GHz,C,
141) A Tecnologia MIMO (Multiple-Input Multiple-Output) já é presente em eMTAs com padrão 802.11ac. O que isso significa comparado aos eMTAs sem essa tecnologia? (Vídeo Aula Freq e Segur das redes Wi-Fi App Conectado),"A tecnologia MIMO permite que o dispositivo do cliente alterne automaticamente entre as redes de 2.4 e 5.8 GHz, equanto os terminais sem essa tecnologia não possui esse recurso.","A tecnologia MIMO permite que o dispositivo do cliente alterne automaticamente entre os canais de transmissão, equanto os terminais sem essa tecnologia não possui esse recurso.","A tecnologia MIMO consegue alcançar maiores taxas de transmissão em redes sem fio, usando várias antenas que transmitem sinais simultâneamente, enquanto os terminais sem essa tecnologia transmite sinal apenas para um dispositivo por vez.","É a tecnologia no qual você configura a largura do canal de transmissão no modo de múltiplas antenas, ou seja automático, para que o Cliente consiga usufruir a sua rede sem fio com a máxima performance e velocidade.",C,
"142) O local de instalação do eMTA é ponto chave para minimizar problemas referente a cobertura do sinal wi-fi na residência do cliente, portanto:","Você deve posicionar o eMTA na cozinha, pois é sempre o lugar em que ficam mais pessoas dentro de uma casa e desde que o sinal esteja em -70dBm não há com o que se preocupar com os demais cômodos.","No ponto mais alto da residência do cliente, ou seja no teto ou sótão, pois assim o sinal se propagará sem interferência ou barreiras. O sinal deve estar entre -70 dBm e -90dBm no ponto que o cliente mais usa.","Você deve posicionar o eMTA no quarto com cobertura entre -10dBm e -70dBm, pois geralmente é onde o cliente estuda ou trabalha. Os demais cômodos podem estar com 20% de cobertura.","Você deve perguntar qual o local em que a família mais usa o Wi-Fi, depois identificar o cômodo central entre os locais informados pelo cliente para que o sinal chegue em pelo menos 80% dos cômodos da casa entre -10dBm e -70dBm.",D,
"143) Sobre o uso da furadeira, existem furos que ficarão expostos ao tempo. Qual das opções abaixo é a correta?","Furar de dentro do cômodo para fora, inclinando a furadeira 15° para baixo, afim de evitar umidade","Furar de dentro do cômodo para fora, inclinando a furadeira 15° para cima, afim de evitar umidade","Furar de dentro do cômodo para fora, deixando a furadeira em ângulo reto, afim de evitar umidade","Furar de fora do cômodo para dentro, inclinando a furadeira 15° para baixo, afim de evitar umidade",A,
"144) Para evitar casos de lentidão devido ao congestionamento dos canais de transmissão que recebem várias redes sem fio ao mesmo tempo, devemos:",Configurar o EMTA / ONT no canal de transmissão 11 que é o menos congestionado.,Realizar testes de potência de sinal usando o Wi-Fi Analyser ou WIFI-MAN e garantir niveis entre -40 á -70 dBM,instalar o eMTA/ONT em um cômodo central da residência.,"Deixar o canal de transmissão em modo automático, e orientar o cliente a sempre dar um boot no eMTA/ONT para que ele procure o canal menos congestionado.",D,
145) O que é o REPLAY TV disponivel nos pacotes com segmentação TOP HD/TOP HD MAX e Claro TV+?,É a nova funcionalidade que finalmente nos permite gravar os títulos do NOW,É a nova funcionalidade que nos permite assistir novamente (REPLAY) toda a programação da Claro,É a nova funcionalidade do Premiere Futebol Clube que nos permite assistir o REPLAY de todo os jogos e gols de todos os campeonatos,"É a nova funcionalidade que permite RECOMEÇAR O EVENTO ATUAL desde o inicio em determinados canais por meio do miniguia, nos canais que possuem o REPLAY TV é possível acessar conteúdos retroativos a até 7 dias.",D,
"146) A técnica Laura está realizando uma W.O de revisita Vítua, onde a reclamação da cliente é que um site específico não está abrindo ou demora muito em seu computador. Para saber a latência entre o computador e o servidor específico, existe algum comando no CMD que a Laura pode utilizar? ",Pode utilizar o comando Flush DNS,Pode utilizar o comando Ipconfig,Pode utilizar o comando Ipconfig/all,Pode utilizar o comando Ping,D,
"147) Ao você inicia o Status ""Em rota"" no TOA, será liberado um código para o Cliente, o que permite um aumento na percepção de segurança aos nossos atendimentos. Para clientes com o APP Meu claro residencial o cliente tem uma visualização através do botão Código de Segurança em acompanhar a visita técnica. Mas e o cliente que não possui o APP instalado? (T1n°257HFC e T1n°31GPON)",O cliente receberá através de um SMS informando o código de segurança,O cliente receberá um e-mail informando o código de segurança,"O cliente não receberá nenhum código, logo não será solicitado pelo cliente",O cliente que não tenha o APP meu claro residencial instalado não deve solicitar o código ao técnico,A,
148) Qual o problema que pode acontecer quando não utilizamos a fonte certa para o equipamento desejado? (Treinamento de 1 PONTO nº95) ,A utilização de uma fonte incorreta só interfere nas transmissões UHF devido interferências harmônicas. De resto o equipamento funciona perfeitamente.," A utilização de uma fonte incorreta não causa problemas ou o mau funcionamento do equipamento, desde que a corrente seja 50% menor."," A utilização de uma fonte incorreta só tem como consequência a mudança na cor do LED do painel frontal, de verde para laranja, não interferindo no funcionamento do decoder em nenhuma hipótese"," A utilização de uma fonte incorreta acarreta no mau funcionamento do equipamento, que dependendo do caso poderá ser seriamente danificado, além de gerar intermitência em alguns casos.",D,
"149) Segundo a Norma Regulamentadora nº 35, Trabalho em Altura, da Portaria MTP nº 4.218/2022, sobre o Sistema de Proteção Individual Contra Quedas (SPIQ), assinale a alternativa INCORRETA ",A inspeção inicial é aquela realizada entre o recebimento e a primeira utilização do SPIQ.," A inspeção periódica deve ser realizada no mínimo uma vez a cada 12 meses, podendo o intervalo entre as inspeções ser reduzido em função do tipo de utilização, frequência de uso ou exposição a agentes agressivos."," Devem ser registradas as inspeções iniciais, periódicas e aquelas rotineiras que tiveram os elementos do SPIQ recusados.", A inspeção rotineira é aquela realizada após o início dos trabalhos.,D,
150) Qual das alternativas NÃO é uma vantagem de utilizar o Wi-Fi em vez de uma conexão cabeada?,Facilidade de instalação: A configuração do Wi-Fi é geralmente mais fácil do que a instalação de cabos Ethernet,"Custo: O Wi-Fi pode ser mais barato do que a instalação de cabos Ethernet, especialmente em casas ou escritórios grandes.","Mobilidade: Você pode se conectar à internet em qualquer lugar da sua casa ou escritório, sem precisar estar preso a um cabo.","Segurança: O Wi-Fi é mais seguro do que uma conexão cabeada, pois os dados são transmitidos sem fio.",D,
"151) O técnico Jonny deve configurar o padrão de transmissão Wi-Fi para rede 2.4 GHZ. Para garantir a compatibilidade com a maioria dos dispositivos que tenham antenas wi-fi, ele deve estar configurar em:",Transmissão MISTA 802.11 g e 802.11n,Transmissão Somente 802.11n,Transmissão Somente 802.11g,"Transmissão MISTA - 802.11 b, 802.11g e 802.11n",D,
152) Observe os seguintes itens e assinale aquele que representa uma medida de segurança de acordo com a Norma Reguladora 35 - Trabalho em Altura.,Realizar treinamentos específicos para trabalhos em altura e utilizar sistemas de ancoragem adequados.,Utilizar uma escada improvisada para acessar locais elevados sem supervisão.,"Desconsiderar as condições meteorológicas ao realizar atividades em altura, como ventos fortes ou chuvas.",Ignorar o uso de equipamentos de proteção individual (EPIs) ao trabalhar em alturas inferiores a 2 metros.,A,
"153) Qual é a principal função da funcionalidade ""Certidão de Atendimento"" no aplicativo Técnico Nota 10?","Realizar a leitura e análise das frequências de canais digitais como Upstream, Downstream, OFDM e OFDMA.",Fornecer relatórios administrativos sobre o desempenho dos técnicos.,Monitorar o uso de dados dos clientes em tempo real.,O número de série do TAP,A,
"154) Na instalação interna, ao passar o cabo por tubulação, é permitido passar junto com rede elétrica?","Não, pois a rede elétrica interfere o sinal do cabo.","Sim, somente em casos de obstrução nos dutos exclusivos de telecomunicação.","Sim, o importante é deixar o cabo protegido na tubulação.",N.D.A,B,
155) Qual o primeiro procedimento antes de iniciar uma instalação GPON?,Passar o cabo interno,Verificar o sinal na NAP,Conectar o modem,Medir a tensão no conector FAST/APC,B,
"156) Na instalação interna, o que deve ser feito se for identificada uma tubulação obstruída?",Perguntar ao cliente se ele aceita a instalação de cabo aparente.,Todas as alternativas estão corretas.,Utilizar a câmera sonda para verificar a obstrução.,Usar a fita guia de aço para tentar desobstruir a tubulação.,B,
"157) Ao efetuar instalação externa, é necessário respeitar a altura mínima na passagem do cabo DROP na travessia de ruas. Qual é a altura mínima?",4m,7m,12m,"5,15m",D,
158) É possível efetuar a medição de níveis de sinal pelo seu próprio smartphone. Basta acessar um site. Qual é o site usado para medição de níveis?,datacenter.virtua.com,niveis.virtua.com.br,sinais.claro.virtua.com,medidordesinal.com.br,B,
159) O que é Downstream  ?,Sinal que a OLT envia para a ONT;,Sinal que a ONT envia para a OLT;,Sinal que o medidor envia para a ONT,Sinal que a ONT envia para o medidor.,A,
160) O que é Upstream?,Sinal que a OLT envia para a ONT;,Sinal que a ONT envia para a OLT;,Sinal que o medidor envia para a ONT;,Sinal que a ONT envia para o medidor.,B,
161) Selecione a alternativa correta sobre as vantagens do Wi-Fi Mesh?,Criar uma rede com performance melhor do que o cabo ethernet.,Somente ampliar cobertura do sinal.,"Ampliar a cobertura na casa do cliente, criando uma rede inteligente que determina o melhor ponto de conexão para cada dispositivo.","Ampliar a cobertura do sinal igual um sistema de repetidores, onde o cliente pode se deslocar com queda do sinal wi-fi",C,
"162) Sabemos que é possível instalar no máximo 4 extensores Wi-Fi Mesh por contrato. No entanto, caso o cliente solicite ou você identifique que a quantidade necessária para uma cobertura satisfatória ultrapassa esse limite, como deve proceder?",Os extensores não devem ser instalados em hipótese alguma. Finalize a ordem de serviço com o código #301 – Tipo de OS incorreta.,"Informe seu líder sobre a necessidade de mais extensores no contrato do cliente. Somente após a liberação, prossiga com a instalação, respeitando o limite máximo de 8 extensores por contrato.",Solicite ao cliente que entre em contato com o suporte técnico para que eles adicionem os extensores ao sistema antes de continuar a instalação.,"Instale os extensores adicionais normalmente, pois o importante é garantir a melhor cobertura para o cliente.",B,
"163) Para acessar a tela de configuração do Wi-Fi Mesh CBN/KAON, para configurá-lo em modo router você deve:",Todas as alternativas estão corretas.,Configurar o IPV4 fixo 192.168.1.100 no celular conectado à rede do extensor.,Segurar o botão WPS por 18 segundos,Segurar o botão WPS por 5 segundos,C,
"164) Na instalação e configuração do modelo ZTE, quando o aplicativo solicitar 'Conta da web' e 'Senha da web', onde encontrar essas informações?",Na criação da rede o aplicativo solicita criação dessa conta.,No site da ZTE é possível criar esse cadastro,Na etiqueta do extensor primário (Master),Na contratação dos equipamentos o cliente recebe um e-mail com as informações da conta criada na ZTE,C,
165) Qual o RSSI minimo entre extensores para o funcionamento ideal na rede mesh?,-55 dBm,-50 dBm,-45 dBm,-75 dBm,A,
166) Qual o aplicativo para instalar os extensores Mesh ZTE H196A?,ZTE Lite,ZLife Lite,ZTE Install Mesh,ZTE Mesh,B,
"167) Após revisar os procedimentos de confecção de conectores ópticos, um técnico constata problema de perda de sinal e alta attenuação. Qual pode ser a principal causa desses problemas?",A fibra óptica foi limpa inadequadamente antes da instalação.,O tipo de conector utilizado é o padrão correto utilizado pela clara par ao cabo.,O técnico utilizou um gabarito não adequado para o tipo de conector já que reproduuiu um gabarito antigo e incompatível com aquele modelo.,A aplicação do adesivo durante a montagem não foi uniforme.,C,
"168) Após finalizar o atendimento, o técnico Paulo informa à Sra. Ana que ele receberá uma pesquisa sobre a qualidade de serviço prestado. Qual deve ser a atitude correta de Paulo sobre a pesquisa TNPS?",Deixar o local e a Sra. Ana à vontade para responder a pesquisa com tranquilidade., Ficar aguardando ao lado da Sra. Ana enquanto ela responde à pesquisa.,"Pedir à Sra. Ana que responda à pesquisa imediatamente, sem sair do local, pois precisa enviar uma foto da nota ao seu coordenador.",Responder à pesquisa no lugar da Sra. Ana para garantir uma avaliação positiva.,A,
"169) O Gravador Virtual pode gravar os programas favoritos do cliente na nuvem, com opções de 200h ou 400h. Com isso:",O conteúdo ficará disponível por tempo indeterminado.,O conteúdo ficará disponível por até 30 dias.,O conteúdo ficará disponível por até 2 anos.,O conteúdo ficará disponível por até 1 ano.,B,
170) Sobre a função Band Steering é correto afirmar:,O recurso deve ser configurado apenas nas instalações de Novos Domicílios e para a Instalação de Banda Larga para clientes da base!,A ativação do recurso está suspensa em todos os serviços.,"Somente nas mudanças de pacote, para velocidades acima de 250Mbps.",O recurso deve ser configurado em todas as manutenções. Nas instalações somente quando houver Mesh.,A,
171) Quando você estiver realizando uma instalação de banda larga agregada com uma OS do Box Claro TV:,"Você também deverá realizar a instalação e configuração do decodificador. Onde a configuração já estiver fraça (abaixo de -55dBm), o Técnico deverá seguir com o atendimento apenas nos soluções WiFi Mesh ou Ponto Ultra ao cliente.",O claro box não é comercializado em operações GPON.,"Mesmo nessa circunstância, o Claro box não deverá ser instalado. O técnico deve informar ao cliente sobre a Auto Instalação e que dentro da caixa o cliente encontrará as instruções.",A instalação e configuração do claro box só deve ocorrer caso o decodificador seja compatível com Alexa.,A,
"172) Caso você se depare com uma WO de Adesão de TV (Principal), exatamente no mesmo local onde já existe um Cliente instalado e ativo, como você deve proceder?",Realize o cancelamento do contrato anterior pelo Cliente na central de atendimento. Em seguida instale os terminais e desconecte os antigos.,"Informe ao cliente que não poderá realizar a instalação devido já existir um contrato instalado no endereço e que ele deve solicitar um ponto adicional, não uma nova adesão.","Realize a instalação somente se o limite não exceder 5 pontos, mesmo se já existir contrato ativo.",Realize a instalação normalmente através de um novo drop e ONT dedicada a esse ponto.,B,
"173) O lançamento de materiais no TOA, é OBRIGATÓRIO para repor de forma assertiva o uso de materiais utilizados. Materiais como cabos pré-conectorizados, fitas e fechos em geral devem:",Não é necessário realizar o lançamento desses itens no TOA.,Ser apontados por unidade e não por metros.,Os materiais são devem ser lançados em caso de Drop Rompido.,Ser apontados por metros e não por unidade.,B,
174) O Técnico Marcelo foi designado para realizar uma instalação em uma NAP de poste. Qual numbering ele deve utilizar e como ele deve ser instalado corretamente?,"Instalando-o na pingadeira, na parte externa da NAP, próximo à saída.","Utilizando um numero universal, sem padrão, e instalando-o na base do poste para identificar o cabo de forma clara.",Instalando-o na parte interna da NAP. Os numeradores são os mesmos usados em Dio e NAP MDU.,,C,
"175) Durante uma instalação, você, como Técnico experiente, está acompanhando um Técnico novo que fixou o cabo drop em um ponto de encapsagem de outra operadora, resultando em uma altura acima de 4 metros na travessa. Essa altura está abaixo da altura mínima padrão de 5,15 metros estabelecida pela Claro. Qual é a ação correta a ser tomada?","Documentar o problema e prosseguir com a instalação, solicitando ajuste posterior por outro técnico.",Substituir o cabo drop por um cabo mais curto para adequar à altura à especificação mínima.,"Realizar a instalação normalmente, pois a altura está dentro dos limites aceitáveis para travessias de rua conforme a prefeitura.","Reequipar o poste para garantir que a altura mínima de 5,15 metros seja alcançada, autorizando o ponto de anchagem para um local apropriado, conforme as diretrizes da Claro.",D,
"176) Sobre o procedimento de configuração da rede Wi-Fi, selecione a alternativa correta:","Não é necessário configurar, oriente o cliente a utilizar o padrão de fábrica. Caso ele esqueça, é só consultar a etiqueta.",A responsabilidade de realizar a configuração Wi‑Fi é do Cliente. Cenário de entrar nas configurações O ONT e setar os parâmetros conforme sua necessidade.,Mantenha o nome de rede e senha conforme o padrão de fábrica e altere somente a senha de configuração de administrador do terminal.,"Em todas as instalações de ONT, é OBRIGATÓRIO alterar o nome de rede (SSID) e senha conforme o padrão de configuração do modem - essa medida evita o risco de acesso não autorizado à rede, roubo de dados e uso indevido da banda larga.",D,
"177) Sobre o recurso de Consulta Clientes - TAP/NAP, disponível no App Técnico NOTA 10, é correto afirmar que:",Essa ferramenta deverá ser utilizada nos casos em que for necessário identificar um cliente inadimplente e sinalizar através do NET SMS.,Essa ferramenta deve ser utilizada exclusivamente pelas equipes de Desconexão e Retirada.,Essa ferramenta deve ser utilizada nos casos em que for necessário identificar se o domicílio que está conectado na NAP é realmente um Cliente ativo.,Nenhuma das alternativas anteriore,C,
"178) Em casos de obstrução, a Fibra invisível deverá ser utilizada como:",Primeira opção,Última opção,Não deve ser utilizada no GPON,Segunda opção,B,
179) Um Técnico está realizando uma instalação em uma rede GPON da Claro e a residência do cliente se encontra entre duas NAP's. Nesse caso o Técnico deve:,Visualizar no TOA o código da NAP que deve ser utilizada na instalação.,Realizar a instalação na NAP que contém o menor número de clientes conectados.,Escolher a NAP mais próxima da residência do cliente e realizar a instalação.,Todas as afirmações acima estão correta.,A,
180) A quantidade de instalações em terrenos com mais de uma casa independentemente da quantidade de relógios medidores de energia existentes no local. Qual é a regra que devemos usar nesta situação?,Duas casas e um relógio medidor de energia permitem apenas um contrato que deve ser instalado em apenas uma das residências,"A divisão física das casas passa a ser o parâmetro, independentemente da quantidade de relógio medidor de energia no terreno.",n.d.a,Duas casas e dois relógórios medidores de energia permitem a instalação de 2 contratos diferentes,B,
"181) O local de instalação da ONT é ponto chave para minimizar problemas referentes à cobertura do sinal Wi-Fi na residência do cliente. Mesmo assim, caso ele ainda tenha problema com o Wi-Fi, o que poderia ser feito para resolver essa situação?",Apresentar o produto MESH que é uma solução para o cliente que busca uma melhor experiência de uso do seu Wi‑Fi.,Indicar ao cliente a compra de repetidores de qualquer marca e reagendar a instalação.,Apresentar a rede de hotspots da Claro que melhora o Wi-Fi dentro de casa.,Apresentar o Claro Gaming para melhorar o Wi-Fi em toda residência durante a utilização de dispositivos de jogos.,A,
"182) Com a função ""Ligar para o Cliente"", presente no TOA, você pode entrar em contato com cliente de forma simples e rápida para evitar quebra de agenda. Selecione a alternativa que contém situações em que o recurso pode ser utilizado:","#101 - Endereço não localizado, #106 - Cliente Ausente, #107 - Entrada não autorizada, #125 - Cliente Desiste da Agenda e #306 - Não reside no endereço",#305 Rua não cabeçada ou #206 Predio sem Backbone,"Antes do deslocamento ou para os códigos #203 - Rede Externa com problema, #204 Backbone com Problema, #205 Falta TAP ou Passivo / TAP ou Passivo Lado",#301 - Tipo de OS Incorreta de abertura e #304 Node não liberado (Para Virtuare/ou Fone),A,
"183) Ao finalizar a instalação do cabeamento óptico, você deve medir o sinal de downstream utilizando o Power Meter. Para realizar corretamente a aferição da potência óptica, qual o comprimento de onda que você deve selecionar no medidor?",1630 nm,1490 nm,1550 nm,1310 nm,B,
"184) Sabemos que o nível mínimo de potência óptica que deve estar na porta da NAP/CTO é de -25 dBm. Durante sua visita, um Técnico constatou um nível de -30 dBm na NAP que atende o seu client. Selecione a alternativa que contém o procedimento correto que esse Técnico deverá seguir para encaminhar o problema à equipe de Rede Externa:","Ligar para seu Coordenador, passar as informações de nível medido via WhatsApp e solicitar que ele abra a ocorrência para Rede.","Realizar a baixa via URA e passar as informações de nível medido, código da NAP/CTO e endereço da NAP/CTO.","Utilizar o código #206 NAP em Outage no PDA, inserindo a informação do contrato do cliente e o endereço, sem necessidade de evidências fotográficas.","Utilizar o código #203 Rede Externa com problema no PDA, preencher o checklist com TX, RX, código da NAP/CTO, endereço da NAP/CTO, e enviar uma foto do sinal no medidor clicando no ícone de download para carregar a foto da galeria antes de enviar.",D,