Pergunta,A,B,C,D,Correta,Imagem
1) Na falta da etiqueta Wi-Fi (usuário e senha do EMTA) o que deve ser realizado?,Anotar a numeração do SSID e SENHA em qualquer local da OS.,É obrigatório o preenchimento das informaçõ es SSID e SENHA no campo observação da OS.,Pedir para que o cliente entre em contato com a central de atendimento.,Deixar o seu numero de telefone para o cliente te ligar quando necessário.,B,
"2) Conforme procedimento de Baixa na URA, para o MAC 0023754F1608, é necessário digitar para o caractere hexadecimal ( F ) : ",*6,*06,6,#6,B,
3) Qual o procedimento correto para realizar a validação de retorno?   ,Canal 262 + 8291 + Preenchimento do numero da OS e Contrato,Canal 262 + Menu +8291 Preenchimento do numero da OS e Contrato,Canal 262 + Menu + Tecla Azul + 8291 + Preenchimento do número da OS e Contrato,Canal 262 + Tecla Azul + 8291 + Preenchimento do numero da OS e Contrato.,D,
4) O que é AUTO HIT? ,Funcionalidade que permite o envio automático de HIT pelo controle remoto em equipamentos HD e HDMAX.,"Funcionalidade que permite o envio automático de HIT pelo controle remoto em equipamentos SD, HD e HDMAX.",Funcionalidade que permite o reset do decodificador e suas configurações através do controle remoto.,Todas as alternativas estão corretas,A,
"5) Dos padrões de redes Wi-Fi abaixo, qual nos proporciona a maior velocidade da taxa de transmissão?   ",g,n,a,ac,D,
6) Sobre a facilidade CONFIGURAÇÃO SENHA WI FI:   ,"Com essa nova facilidade nosso cliente conseguiu Consultar, trocar a senha e nome da rede WI-FI de sua casa apenas através do site, ainda não está disponível pelo NETAPP.","Consultar, trocar a senha e nome da rede WI-FI de sua casa através do NET APP e também pelo site MINHA NET."," Consultar, trocar a senha e nome da rede WI-FI de sua casa atraves do NET APP, ainda não está disponível pelo site MINHA NET.",n.d.a,B,
7) Qual a diferença entre um passivo da rede interna e um passivo de rede externa?,"Nenhuma, a função dos dois é dividir o sinal",O de Rede Externa suporta umidade e permite passagem de AC,O de Rede externa permite que se tenha o sinal em parte desiguais,O de Rede interna pode ser utilizado para acoplar sinais,B,
8) O que é Valida Retorno?  ,"Pacote que dá direito ao cliente acessar via site, da NET os últimos lançamentos dos canais Telecine",Validação dos dados de instalação e confirmação do pacote instalado para que o cliente possa usufruir de todos os recursos do sistema NETTV,Verificação da comunicação do Decoder Digital para que o cliente possa usufruir de todos os recursos do sistema NET TV como compra pelo controle remoto e NOW (vídeo on Demand).,Verificação da comunicação do televisor para que o cliente possa usufruir de todos os recursos do sistema NET TV como Full HD e 4K.,C,
9) Qual alternativa corresponde aos problemas causados ao cliente caso ele não seja orientado sobre o uso de senhas?   ,Compra de conteúdos do NOW sem os seu conhecimento,Ligações na central para solicitar estorno de valores referente a compras,Reclamações nos órgãos de defesa ao consumidor,Todas as alternativas estão corretas,D,
10) São características da fibra óptica.,Alta atenuação ;,Necessidade de amplificação a cada 2Km,Maior sensibilidade a interferências eletromagnéticas;,Nenhuma das alternativas.,D,
11) Qual é a impedância  de um cabo coaxial utilizado em CATV?,75 ohms .,50 ohms .,22 ohms .,15 ohms.,A,
12) É considerada interferência na rede HFC:,Tenção AC gerada pela fonte acima do regulamento pela ANATEL.,Sinal de UHF invadindo a faixa de CATV .,"Nível alto de entrada no amplificador, gerando saturação na imagem","Nível de potência óptica muito alta no receptor óptico, gerando saturação do link.",B,
13) Dentro do cabo coaxial as frequências sofrem a mesma  atenuação?,"Sim, tanto as mais altas como as mais baixas possuem atenuação igual .","Não, as frequências mais baixas sofrem maior atenuação","Não, as frequências mais altas sofrem maior atenuação",N.d.a,C,
14) O que é tilt ?,Nível de sinal de portadoras distintas .,Nível de sinal do canal de retorno .,Diferença entre frequências do canal direto e do canal de retorno,Diferença de sinal entre portadoras distintas.,D,
15) Qual a função do cable isolator?,Proteger a instalação e os equipamentos da rede da NET contra picos de tensão de (AC).,"Proteger a rede de cabos em caso de retorno de ac gerado , pelo decodificador .",Isolador com casamento de impedância para adaptar a conexão dos cabos drop com o de distribuição interna .,Apenas fazer emenda do cabo preto (drop) com o cabo branco de 'distribuição interna .,A,
"16) Se o cliente agendar uma visita para ser atendido das 11:00 às 14:00 e o técnico chegar às 14:20, qual Indicador será afetado?",ISRA .,STFC .,SCM .,TEC1 .,D,
17) Qual a função do CMTS?,Interligar a rede interna à rede HFC .,Concentrar o s dados da internet para transmitir via upstre am ao cable modem .,"Interligar a rede de telefonia com a internet, gerando o VOIP.",Fazer a comunicação e o gerenciamento dos modems.,D,
18) Qual a definição de MER?,Taxa de erro de transmissão .,Taxa de erro de recepção;,Taxa de erro de modulação;,Taxa de erro de bit.,C,
19) O que é BER?,Taxa de erro de transmissão;,Taxa de erro de recepção;,Taxa de erro de modulação;,Taxa de erro de bit.,D,
20) O que é Canal de Retorno?,Sinal transmitido do equipamento do cliente para o Headend;,Sinal transmitido do Headend para o cliente;,Sinal transmitido entre os Headends;,Sinal transmitido entre clientes NET,A,
21)   Qual a relação ao tipo de modulação e a  sensibilidade   ao ruído?,Quanto maior a modulação maior a sensibilidade ao ruido;,Quanto menor a modulação maior a sensibilidade ao ruido;,Quanto maior a modulação menor a sensibilidade ao ruído;,Independente da modulação a sensibilidade ao ruído sempre será a mesma.,A,
22)   O que é Downstream  ?,Sinal que o CMTS envia para o eMTA;,Sinal que o eMTA envia para o CMTS;,Sinal que o medidor envia para o eMTA,Sinal que o eMTA envia para o medidor.,A,
23)   Quais os sinais que trafegam no Canal de Retorno?,Canais piloto (alto e baixo);,Canais de Vídeo;,Canais de Upstream;,D. Todas as alternativas anteriores.,C,
24)     Em relação ao poste da residência do cliente é correto afirmarmos que:,Utilizamos o suporte da companhia telefônica somente com autorização de cliente,Não é permitida a utilização do suporte da companhia telefônica,É necessário utilizar o U Span Clamp poste somente nos casos em que instalarmos CLARO Fone,É necessário utilizar o U Span Clamp poste somente se não houver suporte da companhia telefônica,B,
"25)   Para fixação de cabos  coaxiais   em cantos de rodapés e portas, devemos respeitar a curvatura  mínima de:",5 cm,12cm,8cm,20cm,B,
"26)    Um EMTA passa por um processo chamado de sincronismo, onde é estabelecido uma comunicação com o CMTS. A respeito deste processo, selecione a alternativa correta:","RX é o sinal que vem por meio das portadoras de Downstream, enquanto o TX é o sinal que trafega por meio das portadoras de Upstream.","Quanto maior o pacote de internet contratado pelo cliente, mais rápido é realizado sincronismo.","No sincronismo do EMTA os sinais de CA e CB devem estar com suas potências dentro do padrão, -5dBmV até 5 dBmV.",O sincronismo do equipamento vai acontecer quando o técnico solicitar a habilitação do EMTA para que o serviço de internet seja disponibilizado.,A,
27)   Durante os testes de potência do WI - FI   o   Técnico Jonny se lembra de que o ideal  em   relação à  potência do WI - FI:,80% dos cómodos com a potência entre - 10dBm e - 70 dBm,60% dos cômodos com a potência entre - 10dbm e - 70d Bm,80% dos cômodos com a potência entre - 50dBm e - 120cm,60% dos cômodos com a potência entre - 50dBm e - 12dBm,A,
28)   Porque não devemos utilizar os passivos   de rede interna em áreas abertas?,Devido a estética,Os passivos de rede interna são sensíveis a umidade e ch uva e por isso oxidam causando degradação nos sinais.,Podemos utilizar em áreas abertas desde que utilizar mos fita isolante .,Todas estão corretas,B,
"29)   Durante a instalação da extensão  telefônica , caso  o   cliente queira adicionar outros pontos de  extensão qual o   procedimento que você deve tomar?",Você deve instalar as extensões solicitadas pelo cliente e efetuar a cobrança em dinheiro referente a cada ponto de extensão instalado,"Caso o ponto solicitado pelo cliente não esteja contemplado na W.O, oriente o cliente solicita-las via CRN, antes de baixar o serviço. pois a O.S referente aos novos pontos serão agrupado na mesma W.O.",O cliente deve solicitar a instalação dos novos pontos de extensão na CRN após o fechamento da W.O que você se encontra.,n.d.a,B,
"30)   Sobre o Mini Isolator, onde ele deve ser utilizado?",No ponto que o cliente possuir um equipamento Virtua ( eMTA),Em todos os pontos que o cliente possuir um equipamento Fone,"Em todos os pontos que o cliente possuir um equipamento (DECODER SD/HD, eMTA e CABLE MODEM)",Deve ser utilizado antes do primeiro divisor. Ponto comum dos equipamentos,C,
"31)   O uso do torque nos terminais ( Decoder , eMTA e T V do cliente) deve:","Ser feito com a Mão com auxilio do ""chaveirinho ou similar"", sem a necessidade da chave torque",Ser feito com alicate universal ou ferramenta simil ar,Ser feito sempre com a chave de torque 15 lbs ho mo logada pela área de serviços,"Nenhuma das alternativas, pois não necessário utilizar o torque nesses equipamentos",A,
32)   O que é Cable Isolator?,"É um componente que tem a função de proteger a instalação e equipamentos contra picos de tensão gerados por surtos de energia o u descargas elétricas, evitando também o retorno de AC para a nossa rede",É um dispositivo que tem a função de Isolar os pico e ruídos gerados pelos pontos Pay TV,É um tipo de cabo que possui maior Isolação à ruídos ou Interferências externas,É um dispositivo para emendar o cabo branco e preto (drop),A,
33)   O que é RQUAL?,É uma nova regulamentação da Anatel que consolide e simplifica todas as normas de qualidade de serviços para operadores de Telecomunicações em um regulamento único.,É uma nova regulamentação da Anatel que consolida e simplifica todas as normas de qualidade de serviços para operadores de fibra optica em um Regulamento único.,É uma nova regulamentação da ANA que consolida e s implifica todas as normas de qualidade de serviços para operadores de saneamento e m um regulamento único.,É uma nova regulamentação da CableLabs que consolida e simplifica todas as normas de qualidade de serviços para operadora de cabo mundial em um regulamento único.,A,
34)   Qual a diferença entre sinal Flat e Tilt?.,Flat é quando há alguma diferença entre os níveis dos canais medidos no mesmo ponto e Tilt é quando não há diferença de nível de Sinal medido no mesmo ponto.,Flat é quando o sinal passou por alguma equalização e Tilt é quando o sinal passou por alguma amplificação .,Tilt é quando há alguma diferença entre os níveis de sinal dos canais medidos e Flat é quando não há diferença de nível de sinal.,Tilt é quando o sinal passou por alguma equalização e Flat é quando o sinal passou por alguma amplificação.,C,
"35)   Dentre as alternativas abaixo, qual delas apresenta uma melhor qualidade de sinal?",BER 1.0 E-05,BER 1.0 E-07,BER 2.0 E-08,BER 9.0 E-06,C,
"36)   Para  considerarmos um Decoder On - line ,  qual opção abaixo é a correta?",Nas configurações verificar se o IP Inicia em 10.xxx.xxxxxx,Nas configurações verificar se o IP inicia em 168.xxx.xxx.xx,Nas configurações verificar se o IP inicia 189.xxx.xx.xx,Nas configurações verificar se o IP Inicia em 192.xxx.xx.xxx,A,
"37)   Conforme vimos durante a aula pratica de configuração Claro TV+ HD, devemos utilizar qual   canal  para verificação   dos  endereçáveis   (CA ID e Smart Card) para realizar abaixa?",250,252,270,272,C,
"38)   Ao término de uma Instalação, o Instalador Identifica que o serviço de gravação não está  funcionando, qual o   procedimento ele deverá seguir?",Confere o Update ID,Conferir se o serviço está ativo em seu contrato,Enviar HIT para o Decoder e após seguir o procedimento de HIT,Todas as alternativas estão corretas,D,
"39)   Sobre a Configuração dos serviços  Inteligentes   do Fone, qual das Informações abaixo está correta?","O SIGA - ME não está disponível para os pacotes que não possuem o Busca Automática. Ou seja, o cliente deve escolher entre o Busca Automática e o SIGA - ME",SIGA - ME só pode ser habilitado após o pagament o da fatura.,"SEMPRE que configurar o SIGA - ME, desative o serviço de CHAMADA EM ESPERA, pois o mesmo é incompatível com o funcionamento do sistema de redirecionamento",Todas as opções estão corretas .,B,
40) O SNR do Retorno fora do padrão tem alguma influencia nos equipamentos que possuem  um Cable Modem Interno?,"Não, porque ele só afeta o Decoder Digital.","Não, porque essa informação não se aplica ao Modem","Sim, por exemplo, pode causar lentidão na internet e mal funcionamento do NOW.","Sim, porque pode travar o Notebook do cliente.",C,
"41)   Para obter o título de Técnico Certificado, quais são os parâmetros que devem  ser  cumpridos?","Cumprimento de Agenda, Revisita e Produtividade .","Contact Rate, Revisita e Produtividade.","TEC1, ISRA e AT",n.d.a,A,
42)   Quais os níveis de RX e TX  padronizados pela NET?,RX: - 12dBmv à +12dBmv; TX: 37 à 50dBmv.,RX: - 12dBmv à +12dBmv; TX: 38 à 51dBmv.,RX: - 15dBmv à +15dBmv; TX: 40 à 51 dBmv.,RX: - 15dBmv à +15dBmv; TX: 40 à 55 dBmv.,B,
43)   O que é FEC?,Código detector e corretor de erros;,Código detector de erro de bit;,Código detector de sinal;,Código detector de transmissão digital.,A,
44)   O que é Canal Direto?,Sinal transmitido do equipamento do cliente até Headend;,Sinal transmitido do Headend até o cliente;,Sinal transmitido entre os Headends;,Sinal transmitido entre clientes NET,B,
45)   Quais são as faixas de frequências disponíveis para o Canal de Retorno?,55 MHz a 750MHz/104 MHz a 1 GHz;,213 MHz a 550 MHz/85MHz a 104 MHz;,5 MHz a 42 MHz/5 MHz a 85 MHz;,5 MHz a 55 MHz/5 MHz a 104 MHz.,C,
46)   O que é Upstream?,Sinal que o CMTS envia para o eMTA;,Sinal que o eMTA envia para o CMTS;,Sinal que o medidor envia para o eMTA;,Sinal que o eMTA envia para o medidor.,B,
47)   Quais os sinais que trafegam no Canal Direto?,Canais piloto (alto e baixo);,Canais de Vídeo ;,Canais Downstream;,Todas as alternativas anteriores.,D,
48)   O que é portabilidade?,"É a facilidade que permite o cliente manter o número de telefone fixo ou móvel, independentemente da operadora a que estiver vinculado;",É a facilidade que permite o cliente trocar um número de telefone fixo para um móvel;,"É a facilidade que permite o cliente manter o número de telefone fixo ou móvel, i ndependentemente da operadora mesmo com titulares diferentes;",N.d.a.,A,
49)   O que acontece com o sinal da NET se no momento da instalação amassarmos o cabo?,Há um aumento na blindagem do cabo contra interferências externas,Há uma alteração na impedância característica do cabo.,Inversão do Tilt entre canal alto e canal baixo,Satura as frequências mais altas do espectro.,B,
50)   Qual a importância de alternar corretamente o Status no PDA?,Não faz diferença alterar o Status para execução do trabalho," Não tem importância, pois os únicos Status utilizados são o deslocamento e Iniciar a rota.", O Status é importante para que o Field consiga otimizar a rota dos Instaladores e evitar deslocamento indevido., O Status é importante para que o Supervisor consiga visualizar onde o Instalador está.,C,
51)   Qual o procedimento correto quando o cliente possui uma antena de TV UHF para sinal aberto?,Deixar o cabo de sinal da TV aberta desligado da TV do Cliente.,"Deixar o sinal da TV aberta ligado na TV do Cliente e orienta - lo quanto a utilização, quando necessário.","R etirar o cabo de antena do cliente, pois ele não irá utilizá - lo mais.",Utilizar o cabo de antena como guia para passar o cabo da NET.,B,
"52)   Durante a fixação externa do cabo RG06, podemos afirmar   que:",Os fixadores devem ser colocados a cada 50 cm;,Os fixadores devem ser fixados a cada 5 m;,Devemos utilizar cola quente;,Devemos solicitar ao cliente a compra de canaletas.,A,
53)   Com relação à distribuição interna de sinal é correto afirmar que:,Devemos utilizar a passagem de cabos por tubulações : e rede elétrica;,Só podemos passar o cabeamento caso haja tubulação,Devemos passar o cabeamento solto por cima do telhado ;,É proibida a passagem de cabos por tubulação elétrica,D,
54)   O   que é um Headend?,"Local onde ficam os materiais como decodificadores, massivos , OS's, etc...;","Local onde são recebidos os sinais das emissoras, faz o processamento, ajuste, codificação e transmissão para o restante da rede HFC;", Local onde são gerados os conte ú dos assistidos pelos clientes da NET;," Local onde há todo o processamento dos sinais, inclusive da rede pública de telefonia comutada (RPTC).",B,
55)   Qual é a largura de banda de um canal de TV digital?,6 MHz;, 8 MHz;, 4 MHz;, 42 MHz.,A,
56)   Quais as partes que compõem um cabo de Coaxial?,Condutor Central;, Dielétrico;, Condutor Externo;,Todas as alternativas estão corretas.,D,
57)   O que é uma Rede HFC?,Rede híbrida que mistura fibra óptica e cabo coaxial;,Regiões atendidas pelas fibras ópticas;,Rede híbrida que mistura fibra óptica com dados IP,Rede heterogênea de fibra ótica e portadoras digitais,A,
"58) A respeito da Norma Regulamentadora no 35 (NR-35) – Trabalho em Altura, no que diz respeito e cabe ao empregador quanto à avaliação do estado de saúde dos trabalhadores que exercem atividade em altura, assinale a alternativa correta.","A NR-35 não estabelece periodicidade para avaliação dos trabalhadores que executam trabalho em altura; cabe ao médico responsável estabelecer a periodicidade dos exames, considerar a relevância da NR-07 e analisar o histórico de cada trabalhador.","Os exames médicos realizados, bem como a sistemática implementada, para trabalhadores em altura, não fazem parte do Programa de Controle Médico de Saúde Ocupacional (PCMSO) da empresa, considerando-se a situação desses trabalhadores uma situação a se trat.","De acordo com a NR-35, a avaliação de saúde do trabalhador em altura deve ser realizada trimestralmente e contemplar a avaliação de esforço físico; a avaliação de acuidade visual só precisa ser realizada uma vez a cada ano.","De acordo com a NR-35 e com a NR-07, os trabalhadores com histórico de epilepsia, desde que devidamente medicados, podem participar do quadro de trabalhadores em altura.",A,
"59)   Dos padrões de criptografia Wi - Fi listados abaixo, qual é considerado o mais seguro?",RADIUS - PSK,WEP,WPA + TKIP,WPA2+AES,D,
"60)     Em relação ao  Virtua WI - FI, o que é importante analisar antes de realizar a instalação?","Melhor caminho para se passar o cabeamento, independente do local onde será instalado.",Melhor local para não interferir esteticamente na sala do cliente.,"Melhor local para propagação do sinal WI - FI, de preferencia em um cômodo central da residência.","Onde fica a sala para instalar o Virtua, pois neste local será utilizado com maior frequência internet através da TV e dos Celulares.",C,
"61)   Para verificar se o sinal de Wi - Fi de qualquer local da casa do cliente é suficiente para se  conectar a internet,   você deve verificar:","intensidade da conexão usando o Wi - Fi Analyzer ou WIFI-MAN, que deve ser de - 40 a - 70 dBm.","A visão geral do WiFi Analyzer ou WIFI-MAN, prestando atenção à curvatura do sinal, que não deve ser muito acentuada estando entre 40dBmV e 52dBmV.","O canal utilizado, pois se houver muitos roteadores o sinal será mais forte ficando entre - 1 2dBmV e +12dBmV.","O canal utilizado, pois usar um canal livre deixa o sina f raco.",A,
"62)  Sobre a confecção de conectores: ''Não é aconselhável encostar os dedos no condutor central, pois, o suor e outras substâncias liberadas pelas mãos, oxidam o condutor central. Talvez a oxidação não seja percebida em um curto tempo, mas a longo prazo ela poderá resultar em problemas no sinal.","Verdadeira, devemos utilizar de pincel/escova apropriada, para abaixar a malha e não contaminar o conector.","Falso, não devemos utilizar de pincel/escova para abaixar a malha. Pois o conector e malha já vem com uma proteção específica.","Verdadeira, é proibido utilizar qualquer tipo de ferramenta ou equipamento. Pois pode danificar o condutor central e a malha do cabo.",Todas as alternativas estão erradas.,A,
63)   Qual é a principal diferença entre uma portadora de sina digital com a portadora de sinal analógico?,A portadora de sinal digital transporta menos informação que a portadora analógica.,"A portadora de sinal digital é agrupada, portanto todas as informações trafegam na mesma portadora até o seu. destino, diferentemente da analógica, onde as informações trafegam separadamente até o seu destino.","A portadora de sinal digital é constituída das subportadoras de vídeo, cor e áudio, enquanto a portadora de sinal analógico, é constituída do sinal de informação",A portadora de sinal digital tem uma largura de faixa em Hertz maior que a analógica.,B,
64)   Marque a alternativa correta:,O CMTS se comunica com o Cable Modem através do padrão DOCSIS;,"A ""downstream"" é enviada via canal de retorno;",O CMTS se comunica diretamente com o televisor do cliente NET;,Todas as alternativas anteriores estão corretas.,A,
65)   Qual hierarquia de conexão de cabos devemos respeitar pa ra   termos a melhor experiência em  assistir TV?,Vídeo Componente; Áudio e Vídeo; S - VHS; HDMI;, HDMI; Vídeo Componente; S - VHS; Áudio e Vídeo;, S - VHS; HDMI; Vídeo Componente; Áudio e Vídeo;, HDMI; S - VHS; Vídeo Componente; Áudio e Vídeo.,B,
66)   O que você entende por Combo Multi   ?,"A mais completa seleção de serviços de telecomunicações do País, reunindo o melhor das três marcas: NET, Claro e Embratel"," A mais nova banda larga da NET, Claro e Embratel", É a nova seleção de TV da Claro e Embratel," É a nova seleção de TV da NET, Claro e Embratel",A,
"67)   Um técnico finalizou uma instalação no período da manhã  e  no período da tarde o cliente entrou em   contato reclamando que a imagem estava com chuviscos/ macro blocos , resultando em nova visita no  dia   seguinte para correção da falha reclamada. Qual indicador foi   afetado?",AT5, I5, IDS,TEC 1,B,
"68) Um cliente está realizando um download de um arquivo de aproximadamente 4GB, sua taxa de transferência segue constante em 3,75MBps. Sabendo que a velocidade aceitável é no mínimo 80% da velocidade contratada pelo cliente, qual a velocidade contratada neste caso?",10 Mbps,30 Mbps,1500 Kbps;,27 MBps.,B,
"69) ""Sobre a Autoinspecção é correto afirmar que: (T1 294).""
""I. A funcionalidade de Autoinspecção deve ser utilizada em novas Instalações e Mudança de Endereço.""
""II. Para as visitas improdutivas, o Botão de Inspeção deverá ser utilizado também para registrar eventos como: Chuva, Endereço não localizado, Entrada não autorizada e Área de risco.""
""III. No campo de observações, coloque informações pertinentes à vistoria realizada.""
""IV. A Autoinspecção tira a obrigatoriedade do preenchimento da OS Digital.""","I, II e III estão incorretas","I, II e IV estão corretas","I, II e III estão corretas","I, II e IV estão incorretas",C,
"70)  Em todas as situações de atendimento, temos a obrigação de encantar o cliente e direcioná-lo para a melhor experiência com os produtos e serviços oferecidos. Das opções a seguir, quais são as informações que não podem faltar durante um atendimento de excelência?"," Telefone da Central de atendimento, telefone do coordenador","Utilização do Now, Instruções do controle Remoto, Apresentação do aplicativo MINHA CLARO",Nunca esqueça de informar seu telefone para caso o cliente precise,Todas as opções estão corretas,B,
71)   Das opções abaixo qual Update ID disponibiliza o serviço de gravação do produto HD Max?, ID 01,ID O2,ID 05,ID 08,C,
"72)   Conforme podemos observar na atividade conhecendo os decoders, qual a função e o problema  que   pode acontecer quando não utilizamos a fonte certa para o equipamento desejado?"," As fontes tem a função de ligar os equipamentos. A utilização de uma fonte correta acarreta o mau funcionamento do equipamento, porem o mesmo não para de funcionar.","As fontes tem a função de transformar a corrente AC da rede elétrica residencial em corrente DC, para o correto funcionamento dos equipamentos. A utilização de uma fonte correta acarreta o mau funcionamento do equipamento, que dependendo do caso poderá ser seriamente danificado.","As fontes tem a função de transformar a corrente AC da rede elétrica residencial em corrente DC, para o correto funcionamento dos equipamentos. A utilização de uma fonte incorreta acarreta o mau funcionamento do equipamento, que dependendo do caso poderá s er seriamente danificado.","As fontes tem a função de transformar a corrente elétrica residencial em corrente AC, para o funcionamento dos equipamentos. A utilização de uma fonte incorreta acarreta na maioria dos casos o mau funcionamento do equipamento, porem o mesmo não para de fun cionar .",C,
73)   Para qual dos serviços abaixo é necessário que o cliente ligue na CRN (CENTRAL DE  RELACIONAMENTO   NET) para solicitar ativação?, Identificador de chamadas,Siga - me,Chamada em espera,Conferência a três,B,
"74)   Dos problemas abaixo, quais podem ser causados por um TX e RX fora do padrão?", Aumento no consumo do Vírtua e aquecimento do modem.,"Lentidão, Intermitência e sem sinal.","Não ocorre nada, é somente um verificação da NET.",Pode afetar o alcance do WI - FI.,B,
75)   Qual das alternativas abaixo NÃO gera ruído?,Amplificador saturado,B. Conectores irregulares ou inexistentes assim como portas não terminadas/casadas,C. Conexão clandestina de todo tipo,Utilização do cabo de rede (dados) com mais de 60 metros,D,
76)   Qual site o Técnico pode acessar para medir os níveis de sinal de um Cable Modem/eMTA?,www.anatel.gov.br,www.brasilbandalarga.com.br,niveis.virtua.com.br,www.speedtest.net,C,
77)   Um dos indicadores do Programa Geral de Metas da Qualidade da Anatel é o ISRA. Qual o  significado da   sigla e o que ele mede?,"Indicador de Solicitação de Reajuste Atendido, mede o percentual de reajustes na fatura cadastrados no sistema em menos de 24horas.","Indicador de Serviços Relacionados ao Atendimento, mede o percentual de ligações na central.","Índice de Serviços de Realizados Avulsos, mede o percentual de reparos atendidos sem cadastrado no sistema.","Indice de Solicitação de Reparo Atendido, mede o percentual de reparos atendidos em 24h da data/período cadastrado no sistema.",D,
"  78)  Calcule os níveis de CA, CB, TX e RX no ponto abaixo?","Sinal Tv - Cha= 3,0 - Chb= 6,5 / Sinal MTA - RX= -1 -TX= 42,5","Sinal Tv - Cha= 3,0 - Chb= 6,2 / Sinal MTA - RX= -0,5 -TX= 42,5","Sinal Tv - Cha= 3,0 - Chb= 6,5 / Sinal MTA - RX= -0,5 -TX= 42,5","Sinal Tv - Cha= 3,0 - Chb= 6,2 / Sinal MTA - RX= -1 -TX= 42,5",C,https://i.postimg.cc/wvgMs9mk/TXRX.jpg
79)   Qual a função do cable Isolator?,Proteger a Instalação e os equipamentos da NET contra picos de tensão e retorno de (AC);,Amplificar o sinal luminoso da fibra ótica;,Dividir os sinais elétricos em Igual valor;,Filtrar as frequências acima de 350 Mh.,A,
80)   Qual a função da Carga Casada?,"Adequação da rede, faz o casamento de Impedância do circuito;",Tem a função de proteger a instalação e equipamentos contra picos de tensão;,Utilizada para unir dois conectores ou cabos distintos;,Utilizada para minimizar a pirataria nos equipamentos internos e externos.,A,
"81) Para configurar corretamente um IP Fixo em nosso eMTA/ONT, precisamos de quais informações? (EAD Procedimentos NET Virtua II)","Endereço IP, Máscara de rede, Gateway e DNS primário e secundário.","Endereço IP, Máscara de rede, Gateway.",Apenas do Endereço IP.,Não configuramos IP Fixo em nossos eMTA's.,A,
82)     O NET Fone só funciona em telefones homologados pela ANATEL e que utiliza o padrão de  discagem:,FSK;,Pulse;,DTMF ou TOM;,VoIP.,C,
83)   O que significa cabo Drop?,Cabo que faz a ligação do decodificador com a televisão;,Cabo que conecta o eMTA ao computador;,Cabo que faz a ligação do divisor até o equipamento NET,"Fazer a conexão do poste da Companhia de Energia Elétrica, onde está instalada a rede da NET, até o ponto de entrada da casa do cliente.",D,
84)     Quais são os tipos de Modulação Digital?,QPSK e TDM;,QAM e XADSL;,QPSK e QAM,QAM e TDM.,C,
85)     IPCONFIG /RELEASE é um comando digitado para forçar a renovação de um IPV4 ou IPV6  dinâmico em um   determinado hardware (placa de rede ou WiFi). Essa afirmação é verdadeira?,Não é possível forçar a renovação do IP.,"Não, o comando que utilizamos para renovação do IPCHKDSK","Não, o comando que utilizamos para renovação do IP IPCONFIG /RENEW","Sim, a afirmação está correta",C,
"86) Sobre o #NET WIFI, podemos afirmar:
I. Rede de hotspots/pontos de acesso Wi-Fi instalados pelas ruas e aeroportos das principais cidades do Brasil; II. A rede #NET-WIFI também é exibida nos eMTA's 3.0 compatíveis",As afirmações I e II estão corretas,Apenas a afirmação I está correta,Apenas a afirmação II está correta,As afirmações não são corretas,A,
87)   O que é PIP ?,"O PIP (Picture in Picture) é um recurso que possibilita visualizar outro canal através de uma pequena janela, ao mesmo tempo que assiste a um programa na tela principal","O PIP (Picture in Picture) é um recurso que possibilita a transferência de dados e arquivos entre os cliente s NET Vírtua, podendo assim compartilha arquivos entre eles através dessa funcionalidade .","O PIP (Picture in Picture) é um recurso que possibilita a visualização das imagens armazenadas na rede do cliente em seu telefone, smartphone, tablet ou computador utilizando o NOW .",O PIP (Picture in Picture) é um recurso que possibilita o pagamento da fatura NET através do controle rem o to acessando o Minha NET pela Smart TV ou celular .,A,
"88)   Dentre as opções abaixo, qual representa   baixo potencial de barreira/interferência para o sinal  de Wi-Fi ?",Madeira e Gesso .,Agua e Arvores .,Concreto e Metal,Micro - ondas e Telefone sem fio .,A,
"89)     Sobre o teste de Tracert, é correto afirmar que :","É um comando para configurar, habilitar desabilitar o Firewall da máquina .","É um teste de rota que visualiza a solicitação de acesso a uma determinada página ou servidor com o objetivo de verificar lentidão, bloqueio ou gargalo ao site solicitado.",É um teste para determinar se a velocidade da navegação do cliente está dentro ou fora da velocidade contratada .,É um teste para verificar a existência de vírus ou Cavalo de Tróia no computador do cliente,B,
90)   A configuração 1920 x 1080 pixels refere-se a qual tipo de resolução de TV? ,SD,HD,FULL HD,ISDB,C,
91)   Sobre o Anel de Vedação é correto afirmar   que:,Deve ser instalado em todos os passivos da residência ou MDU.,Deve ser instalado apenas em passivos que estão em calhas ;,"Deve ser instalado em conectores que ficam expostos ao tempo, como por exemplo no TAP da Rede Extern a ou Cable Isolator .",n.d.a,C,
"92)     O cliente possui uma TV de LCD com alta definição é um decoder HD, qual das opões abaixo o  cliente consegue ter imagem em alta definição ?",Utilizando o cabo HDMI,Utilizando o cabo SPDIF,Utilizando o cabo Vídeo Componente,Utilizando o cabo S - VHS .,A,
"  93) Sobre o NOW/nowonline selecione a alternativa correta:  I.O aluguel de conteúdo pago pode ser feito pela TV, computador e aplicativo Android e podem ser assistidos em todos os dispositivos pelo período de 48h, a partir do momento do aluguel;  II. O cliente pode cadastrar até 2 dispositivos móveis (Smartphone/Tablet) e um computador;  III. Pode dar play em 1 dispositivo móvel e 1 computador ao mesmo tempo, além da TV que é independente.  ",Apenas a afirmação I está correta,Apenas a afirmação Il está correta,Apenas as afirmações I e III estão corretas,Todas as afirmações estão corretas,D,
94)     Selecione a alternativa que contem corretamente o nome de cada perda do passivo:,A - inserção; B - Isolação; C - Derivação,A - Derivação; B - Inserção; C - Isolação,A - Inserção; B - Derivação; C - Isolação,A - Isolação; B - Inserção; C - Derivação,C,https://i.postimg.cc/rpPcqc9X/DC.jpg
95)     Em que faixa de frequência trabalham os sinais de CATV?,KHz ;,MHz ;,GHz ;,THz .,B,
96)     Qual a finalidade da pingadeira?,Evitar que haja infiltração de água na casa do cliente através do cabo.,Apenas para deixar a estética da instalação ideal ;,Serve como reserva técnica caso o cliente queira mudar local ;,Ocasionar infiltração de água na casa do cliente ;,A,
97)   Quais as partes que compõem um cabo de Fibra Óptica?,Capa protetora ;,Casca ;,Núcleo ;,Todas as alternativas acima .,D,
"98)     Em alta frequência, a corrente tende a migrar para a extra m idade do condutor, que fenômeno é  esse?",Efeito Migratório ;, Efeito Quasi Square ;, Efeito Senoidal ;, Efeito Skin,D,
"99) Ao executar o teste de navegação após a instalação do produto Virtua, o teste de download apresenta uma taxa de transferência de 7,5 MBps, qual é a velocidade contratada desse cliente? ",100 Mbps, 12 Mbps, 120 Mbps, 60 Mbps,D,
"100) O cliente adquiriu uma TV 4K com aplicativos de programação que transmitem conteúdos em Ultra HD. Essa TV será conectada via Wi-Fi e além de ser compatível ela recebe com qualidade as 2 redes (2.4 e 5 GHz) disponibilizadas pelo eMTA dual band. Das opções a seguir, qual é adequada para essa instalação?","Conectar a Tv na rede de 2,4 Ghz que sofre menos interferência apesar da banda de transmissão ser menor"," Conectar a Tv na rede de 2,4 Ghz que sofre mais interferência e possui uma banda de transmissão maior", Conectar a Tv na rede de 5 Ghz que sofre mais interferência apesar da banda de transmissão ser maior, Conectar a Tv na rede de 5 Ghz que sofre menos interferência e possui uma banda de transmissão maior,D,
101)   A conexão SPDIF é uma conexão :,De vídeo digital SD ., De vídeo digital HD ., De áudio digital ., De áudio analógico .,C,
102)   Qual é o padrão do telefone para que o identificador de camadas (BINA) funcione?,FSK, DBMV, DTMF, DVB - T,C,
"103) Em uma visita técnica com problemas no NOW, observou-se que o decodificador está com o LED de sincronismo piscando. Qual a possível causa desse problema?",O decodificador não é HD, A potência de sinal do Canal Alto está muito baixa, O cliente não possui NOW contratado em seu pacote de TV, A potência de sinal de TX e RX está fora do padrão,D,
"104) Quando o Cliente possui um sistema de VPN e abre reclamação que parou de funcionar, devemos observar abaixo:",Se o Cliente possui um IP dinâmico e o E-MTA em Bridged, Se o Cliente possui um IP Nateado, Se o Cliente possui um IP Fixo, Se o Cliente possui um IP dinâmico,B,
105) O espectro de frequência foi dividido em 2 canais de transmissão (Direto e Retorno). Quais os sinais que trafegam em cada canal?,"Direto (CA, CB e TX) e Retorno (RX)"," Direto (CA, CB e RX) e Retorno (TX)", Direto (CA e TX) e Retorno (CB e RX), Direto (CA e CB) e Retorno (TX e RX).,B,
"106) Um cliente Claro TV quer contratar os canais a la carte PFC e UFC pelo controle remoto, o que devo observar para que ele consiga fazer esta contratação sem precisar ligar na central de atendimento?","Testar os canais pilotos CA, CB e RX."," Verificar o LED de sincronismo se está aceso, realizar a verificação do IP (10.X.X.X) e fazer o Report Back", TX deve estar dentro do padrão 40 a 51 dBmv, Se o controle remoto do cliente é Universal,B,
"107) Sobre o procedimento de Instalação Wi-Fi, selecione a alternativa correta: (Treinamento de 1 Ponto 196 A)",I - Sempre priorize a melhor cobertura de sinal nos cômodos onde o cliente informar que mais utilizará o WI-FI;,"II - A cobertura deve ser garantida em 80% dos cômodos com potência entre -10dBm e -70dBm, nos outros 20% dos cômodos, a cobertura deve estar entre -70dBm e -90dBm","III - Onde não houver cobertura de sinal entre -10dBm e -70dBm, explique ao cliente que nesse cômodo há possibilidade de problemas de navegação ou lentidão na navegação (anote na O.S. essa informação);",lV - Todas as alternativas estão corretas,D,
"108) O cliente com UPDate ID 1, tem qual serviço disponível em seu decodificador HD?",Serviço de Gravação, Serviço NOW e Alta definição, Serviço NOW e serviço de Gravação, Alta definição e serviço de Gravação,B,
"109) Dos padrões de redes Wi-Fi abaixo para um Cliente de (1Gbps), qual nos proporciona a maior velocidade da taxa de transmissão? (EAD Procedimentos NET Wi Fi).",ac, g, ax, n,C,
110) Referente ao BER padrão Claro abaixo qual representa a melhor Qualidade,1.0 E-7, 2.3 E-8, 0.0 E-9, 1.0 E-9,C,
111) Referente as redes 2.4GHZ e 5.8Ghz qual a afirmação abaixo esta correta,A de 2.4Ghz possui menor alcance e maior volume de transmissão WI-FI do que a de 5.8Ghz, A de 2.4Ghz possui o mesmo alcance e volume de transmissão WI-FI do que a de 5.8Ghz, A de 2.4Ghz possui maior alcance e menor volume de transmissão WI-FI do que a de 5.8Ghz, A de 2.4Ghz possui maior alcance e maior volume de transmissão WI-FI do que a de 5.8Ghz,C,
112) Sobre o TNPS e o NPS (Medição de Satisfação do Cliente) assinale abaixo a correta informação.,I. TNPS é referente ao atendimento do Técnico e o NPS é referente a Satisfação do Produto ou Marca,II. TNPS é referente a Satisfação do Produto ou Marca e o NPS é referente ao atendimento do Técnico,Nenhuma das alternativas acima,n.d.a,A,
"113) Dos padrões de criptografia Wi-Fi listados abaixo, qual é considerado o mais seguro? (EAD ETN – WiFi)",RADIUS-PSK, WEP, WPA, WPA2,D,
114) Código detector e corretor de erros é chamado de:, FEC, BER, MER, QAM,A,
115) Qual sigla define  Taxa de erro de bit., BER, MER, FEC, QPSK,A,
116) Qual Sigla define Taxa de erro de modulação:, MER, BER, FEC, QAM,A,
117) O que é Modulação QAM (Quadrature Amplitude Modulation) (EAD Medidas II), Modulação que altera os simbolos em função da fase e amplitude, Modulação que altera os simbolos em função da amplitude, Modulaçāo que altera os simbolos em funçāo da fase, Modulação que altera os símbolos em função da frequência,A,
118)   Qual o procedimento adotado para o acesso a página de validação do REPORT BACK nos Decoders HD /HD MAX?," Colocar no canal 1 e digitar no controle ""azul"" + ""MENU"" + ""8291"""," Colocar no canal 261 e digitar no controle ""verde"" + ""8291"""," Colocar no canal 1 e digitar no controle ""azul"" + ""8291"""," Colocar no canal 262 e digitar no controle ""azul"" + ""8291""",D,
"119)  Em uma casa com dois pontos de TV, existe um Two-Way (splitter) onde o cabo de entrada da casa foi ligado em uma de suas saídas, e o primeiro ponto em outra saída, e o segundo ponto foi ligado na entrada, o que está acontecendo com as televisōes?"," Os dois pontos estão funcionando, porém sem áudio", O primeiro ponto funciona e o segundo não, O segundo ponto funciona e o primeiro não, Os dois pontos estão parados,C,
"120)  Complete com a alternativa correta. Um cliente contratou uma velocidade de 60___. Com esta Velocidade ele pode realizar download até 7,5___.", MBps; MBps, MBps; Mbps, Mbps; MBps, Mbps; Mbps,C,
"121)  Qual a função do teste de velocidade, ping e Tracert, respectivamente?"," Testa a velocidade, pinga e testa o traço"," Testa a velocidade, verificar o tempo da conexão, traça a rota no mapa"," Testa a velocidade do pacote, vê o tempo da conexão, vê rota somente dentro da NET"," Testa se velocidade está dentro da contratada, testa a latência, faz um ping em todos os computadores no caminho até o endereço de internet desejado",D,
"122)  O cliente reclama que em alguns canais de seu decoder HD ele não consegue alterar o volume pelo controle remoto NET, somente com o da TV. O que deve ser feito para solucionar este problema?", Solicitar ao cliente que troque sua TV por uma que tenha entrada HDMI," Configurar o controle remoto universal para controle do áudio da TV, e entregar um novo caso o cliente não possua", Trocar o cabeamento RG06 por RG11, Instruir cliente sobre este problema que não tem solução,B,
123) Uma aplicação em IPv4 consegue comunicar-se usando o protocolo IPv6?," Não, pois IPv6 não é dinâmico e o IPv4 é"," Não, pois um protocolo não é compatível com o outro"," Sim, pois ambos são protocolos de 32 bits"," Sim, pois são protocolos compatíveis",B,
"124) Um eMTA está com o LED TEL1 piscando, porém o telefone está no gancho e cliente reclama que não faz e nem recebe chamadas. Dentre as opções abaixo, qual é o possível defeito?", Cadastro correto na Embratel, Extensões em curto, Saída RJ 45 queimada, Telefone em modo pulse,B,
125) O que significa efetuar um ROLLBACK em clientes com IP Nateado?, A possibilidade do retorno do cliente para o IPv4, É o comando dado para que o assinante receba o IPv6, É uma das etapas de migração para o IPv6, Todas as afirmações acima estão corretas,D,
"126) Após termos certeza de que os níveis e cabeamento estão dentro dos padrões, qual é o procedimento para atualização das versões do Firmware e NET TV?"," Com o decoder ligado envie um hit para o equipamento, aguarde de 2 a 5 minutos e depois desligue o decoder utilizando o controle remoto, aguarde que o processo de atualização irá começar, aguarde aproximadamente de 5 a 10 minutos"," Desligue o decoder pelo cabo de força, aguarde de 2 a 5 minutos e depois que ligar executar o Forced Download, aguarde aproximadamente de 5 a 10 minutos", Executando o Forced Download e enviando um HIT após a conclusão desse processo, Executando o processo em que forçamos a execução da atualização (Forced Download),B,
"127)  O ___ é um sinal que é enviado através do Canal___ do Headend até a casa do cliente. Uma vez sincronizado o equipamento inicia o sincronismo do Sinal de___ através do Canal___.
Preencha os termos corretos  ", RX - Canal Direto - TX - Canal de Retorno, TX - Canal Direto - RX - Canal de Retorno, RX-Canal de Retorno - TX - Canal Direto, RX-Canal Analógico - TX - Canal Digital,A,
128)  O que é Ponto Ultra?," Um produto que permite ao cliente conectar seus dispositivos a partir do eMTA, por meio de uma conexão de cabo ethernet, em diferentes cômodos de sua casa."," Um produto que utiliza eMTA dual band. Na prática, a conexão da sua casa pode ficar até 5x mais rápida e com muito menos interferências do que rede a convencional.", Um produto que utiliza decodificadores HDNG e 4K nos pontos adicionais., Ponto adicional que utiliza decodificador UHD 4K.,A,
129)  É utilizado para Transformar o sinal Luminoso que chega por meio da fibra óptica em sinal elétrico para ser transmitido via cabos coaxiais., Headend, Transceptor óptico, Hub, Amplificador,B,
"130)  Os amplificadores de CATV possuem um componente responsável em separar o sinal do canal direto, do canal de retorno. Este componente é o: (EAD Ativos de Rede Externa I)", Eq. Interstage;, Filtro Diplex;, Híbrido de retorno;, Híbrido do direto;,B,
"131) A utilização do mini isolador é obrigatoria em todos os teinais instalados na casa do cliente, qual a é função deste componente?",O mini isolador amplifica o sinal e melhora a qualidade do sinal recebido nos equipamentos.,O mini isolador serve para proteger os terminais contra surtos de tensão e retorno de AC,O mini isolador serve para corrigir defeitos somente do Virtua,O mini isolador ajuda no controle dos terminais pelo datacenter,B,
"132) O aplicativo técnico nota 10 possui diversas funções, uma delas é a verificação de TAP lotado. Assinale a alternativa correta:","A função TAP lotado mostra quais domicilios conectados no TAP são clientes ativos e inativos, auxiliando no momento da instalação.",A função TAP lotado ajuda o técnico a medir o sinal de CA e CB no TAP,A função de TAP lotado auxilia o técnico no momento do deslocamento para a visita,A função de TAP lotado auxilia o técnico a medir a velocidade do virtua,A,
"133) Quando o cabo entrar na fachada do domicílio do cliente, é necessário efetuar furo na parede, colocação de bucha de acabamento e realização de pingadeira. Qual o diâmetro da pingadeira?",35cm,15cm,20cm,27cm,B,
"134) Ao acomodar o cabo passado de forma exposta, qual a distância a ser respeitada entre os fixa-fios?",50cm,25cm,19cm,100cm,A,
"135) Na acomodação do cabo coaxial RG06, é necessário bastante cuidado para não amassar ou dobrar o cabo. O que acontece caso o cabo sofra dobraduras, vincos ou amassados?","Não acontecerá nada, já que o cabo coaxial é bastante resistente.",Ajudará na qualidade do sinal recebido pelo equipamento,"O serviço funcionará perfeitamente, aumentando o seu upload","O cabo sofrerá descasamento de impedância, causando atenuações excessivas e defeito nos produtos que trabalham em alta frequência.",D,
136) Quais os defeitos causados pelo ingresso de ruido na rede?,Lentidão e queda na navegação,Macroblocos na imagem e falha nas ligações do telefone,Intermitência e travamentos,Todas as alternativas anteriores,D,
137) Qual site deve ser acessado em casos de problemas com portabilidade?,Voip.claro.com.br,Consultanunero.abrtelecom.com.br,Anatel.gov.br,Claro.com/telefoniavoip,B,
"138) Ao término do seu atendimento, o cliente realiza uma pesquisa que avalia o seu atendimento. Qual é este indicador?",Revisita,Cumprimento de agenda,TNPS,Pesquisa Claro +,C,
"139) Durante o atendimento ao cliente, é necessário zelar pela ótima experiência do cliente com a nossa atuação. Quais quesitos são fundamentais para encantar o cliente durante o atendimento?",Ética e planejamento,Apresentação pessoal e empatia com o cliente,Testar e explicar todos os produtos instalados,Todas as alternativas,D,
140)  Quais são as formas que cliente pode utilizar o auto atendimento pelo Minha Claro Residencial?,Somente Site,"Whatsapp, Site e Aplicativo",Somente aplicativo,Somente Whatsapp,B,
141)  Qual a função do controle de qualidade?,Garantir aderência dos processos de instalação para que falhas de execução não impactem a experiência do cliente com os produtos Claro,Apenas apontar as falhas dos instaladores,Mostrar os acertos dos instaladores,,A,
142)  Qual aplicativo devemos utilizar para a realização da baixa do serviço e habilitação dos terminais?,Work Assure,OFSC TOA,Autenticador Microsoft,Autenticador Oracle,B,
"143)  O Minha Claro Residencial, permite ao cliente realizar várias atividades. Selecione a alternativa correta:",Trocar rede e senha do Wi-Fi,Segunda via de fatura,Abrir visitas técnicas,Todas as alternativas,D,
144)  Quais são as etapas do atendimento consultivo?,"Planejamento, sondagem, diagnóstico, atendimento consultivo, encerramento do atendimento","Planejamento, sondagem, atendimento consultivo, encerramento do atendimento","Sondagem, diagnóstico, atendimento consultivo, encerramento do atendimento","Planejamento, sondagem, diagnóstico, encerramento do atendimento",A,
145)  O que é o atendimento consultivo?,É um atendimento especializado prestado pela área comercial,É um atendimento de cliente caso crítico,É um atendimento convencional,É uma consultoria técnica focada em entregar a melhor experiência do cliente com os produtos Claro,D,
146)  Qual é a meta de revisita de acordo com as métricas do técnico certificado?,Acima de 7%,Abaixo de 7%,Até 10%,Entre 8% e 10%,B,
147)  Quais indicadores compõe o título de técnico certificado?,"Revisita, cumprimento de agenda e produtividade","IND4, IND5, IND6 e IND7","IND8, IND9 e INF1",Todos os indicadores do RQUAL,A,
"148)  Sobre o Led de sinalização na cor amarela, podemos afirmar:",Os extensores estão se comunicando na rede de 2.4GHz. Aproxime os extensores até obter o Led Azul fixo ou interligue-os via cabo de rede ethernet.,"Os extensores estão se comunicando na rede de 5GHz, e isso é imprescindível para a melhor performance da rede Mesh.",Somente quando o extensor for o 1° ponto da rede mesh ele estará com o led amarelo.,Não há opção para Led amarelo nos extensores,A,
"149)  Qual das seguintes opções descreve corretamente a política de instalação dos extensores Wi-Fi Mesh, de acordo com a informação fornecida?",A instalação via cabo de rede é necessária apenas quando os extensores forem instalados com eMTA/ONT diferente de CBN.,"A instalação via cabo de rede é obrigatória em todos os pontos, exceto quando há tubulação obstruída. Nesse caso utilize o código de baixa #477 - Instalação Mesh cabeada, para todas as tarefas de instalação efetuadas com cabo de rede Ethernet.","A instalação via Wi-Fi é sempre preferível em todos os casos. Nesses casos você deve utilizar o código de baixa # 409 - Instalação efetuada, para as tarefas de instalação dos módulos mesh via Wi-Fi.","A instalação via cabo de rede é opcional, independentemente das condições.",B,
"150)  Para parear o eMTA CBN com os extensores via WPS, qual o procedimento correto?","1 - Pressione primeiro o botão WPS do extensor por 1 segundo. 2 - Em seguida, com o extensor indicando o Led piscando em vermelho, pressione o botão WPS do eMTA por 5 segundos. 3 - Ao final do processo, se existir uma conexão de qualidade entre os extensores, todos ficarão com o Led Amarelo.","1 - Pressione primeiro o botão WPS do eMTA por 5 segundos. 2 - Em seguida, com o extensor adicional indicando o Led fixo vermelho, pressione o botão WPS por 5 segundos. 3 - Ao final do processo, se existir uma conexão de qualidade entre os extensores, todos ficarão com o Led Azul fixo.","1 - Pressione primeiro o botão WPS do eMTA por 20 segundos. 2- Em seguida, com o extensor indicando o Led vermelho piscando, pressione o botão WPS por 15 segundos. 3 - Ao final do processo, se existir uma conexão de qualidade entre os extensores, todos ficarão com o Led Verde.",Não é possivel parear os extensores com o eMTA CBN via WPS,B,
"151)  Diferente de outros modelos de eMTA, o CBN CH8568 pode ser configurado com a função Mesh, atuando como a 1ª célula da rede. A afirmação acima é:",Falsa,Verdadeira,nao se aplica,n.d.a,B,
152)  Até quantos extensores podem ser conectados à mesma rede?,8 extensores.,2 extensores.,5 extensores.,4 extensores.,D,
"153)  Sobre o Led de sinalização na cor azul fixo, podemos afirmar:",Conexão com qualidade média entre os extensores. Conexão estabelecida entre eles em 2.4GHz com potência superior à -65dBm.,Conexão estabelecida entre eles em 5GHz. Melhor conexão entre os extensores para a performance ideal com potência de até -55dBm.,,,B,
154)  O modelo de comercialização do Mesh CBN AP5541 será no formato:,"O modelo de comercialização do Mesh CBN será no formato Aluguel, ou seja, o cliente paga uma mensalidade para cada extensor instalado e a Claro fica responsável pela assistência e manutenção desses aparelhos","O modelo de comercialização do Mesh CBN será no formato Mercantil, no qual o Cliente compra o equipamento, porém a Claro não fica responsável pela manutenção desses aparelhos.",,,A,
155)  Selecione a alternativa correta sobre as vantagens do Wi-Fi Mesh CBN?,"Ampliar a cobertura na casa do cliente, criando uma rede inteligente que determina o melhor ponto de conexão para cada dispositivo.","Ampliar a cobertura do sinal igual um sistema de repetidores, onde o cliente pode se deslocar sem queda do sinal wi-fi.",Criar uma rede com performance melhor do que o cabo ethernet.,Somente ampliar cobertura do sinal.,A,
"156)  Para os cenários onde a instalação é com eMTA/ONT de outras marcas, no qual o extensor é a 1° célula da rede mesh, qual o procedimento deve ser adotado?","Deixar o Wi-Fi do eMTA do cliente ativo normalmente, com isso haverá um balanceamento entre as redes, o que é ótimo pra rede mesh.","Desativar o Wi-Fi do eMTA/ONT do cliente, para que o dispositivo acesse à rede Wi-Fi Mesh exclusivamente através dos extensores, além de configurar o extensor principal em modo router.","Configurar as redes Wi-Fi de 2.4GHz e 5GHz com SSID distintos, para que o cliente escolha em qual rede conectar.",Ativar o BandSteering e configurar os extensores como Acess Point.,B,
"157)  Para a instalação dos extensores Mesh, a Claro recomenda:","Se a área for de até 60m² podemos instalar dois extensores Wi-Fi mesh, se for 90m² podemos instalar três extensores, ou seja um extensor a cada 30m².","Se a área for de até 150m² podemos instalar um extensor para cada comodo, totalizando três extensores.",Se a área for de até 200m² podemos instalar 02 estensores wi-fi mesh para uma cobertura ideial.,Um extensor é sufuciente para cobrir uma residência de alvenaria.,A,
"158) Ao iniciar uma instalação você identifica que não há disponibilidade de HP no TAP da rede externa. Ao entrar em contato com o COP Tivit/TelTelematica e certificar que as casas conectadas fisicamente ao TAP são Clientes ativos, o que você deve fazer?",Não realizar a instalação e solicitar ao operador para realizar a baixa da O.S com o código #205 e abrir a ocorrência PE1,"Tentar resolver o problema por conta própria, realizando a instalação sem a disponibilidade de HP no TAP e registrando a situação posteriormente.","Aguardar a disponibilidade de HP no TAP da rede externa antes de prosseguir com a instalação, garantindo assim a qualidade do serviço.","Informar ao COP Tivit/TelTelematica sobre a falta de disponibilidade de HP no TAP, aguardar suas instruções e seguir as orientações fornecidas para resolver a situação.",A,
"159) Apos uma instalação, o técnico identificou no terminal que o nivel de SNR de downstream estava fora do padrão. Selecione a alternativa que contem a possivel causa para esse problema:",Cabo de entrada desconectado,Falta do Mini Cable isolator nos terminais,"Falta de Torque nos terminais, e nos passivos de instalação.",Não é um problema pois o SNR será atualizado automaticamente em algumas horas,C,
160) O que você entende por DOCSIS?,Padrão utilizado para interface de transmissão de dados via cabo,Padrão utilizado para interface de recepção de imagem via cabo,É a tecnologia utilizada nos eMTA's a partir da velocidade de 50 Mega;,É a tecnologia utilizada em todos os decodificadores HD para o recebimento do sinal através do cabo.,A,
161) Porque utilizamos o Canal Alto como referência para calcularmos a perda de sinal?,Porque o Canal Alto tem menor atenuação de sinal em comparação com o Canal Baixo.,"O Canal Alto possui maior capacidade de transmissão de dados, portanto, é usado como referência.",A perda de sinal é menor no Canal Alto devido à sua posição geográfica em relação ao transmissor.,Devido a característica do cabo coaxial sofrer maior perca nas frequencias mais altas.,D,
"162) Sobre a função AUTODESLIGAR nos decodificadores HDNGs, qual é o procedimento mais adequado a ser realizado durante o atendimento?",Desabilitar a função AUTODESLIGAR sem informar o cliente para evitar interrupções no funcionamento do decodificador.,"A função AUTODESLIGAR não deve ser desabilitado e o cliente deve ser informado sobre essa funcionalidade, para que o decodificador sempre fique atualizado com as ultimas versões de software.","Não realizar nenhuma ação em relação à função AUTODESLIGAR, pois isso não afeta o desempenho do equipamento.",Informar ao cliente que a função AUTODESLIGAR é opcional e não necessária para o funcionamento correto do decodificador.,B,
"163) Para a banda de retorno e em condições normais, qual das modulações abaixo produz um melhor desempenho do sistema de transmissão?",32 QAM,8 QAM,QPSK,64 QAM,D,
164) O ruído é um dos principais fatores de defeitos nos produtos Claro. Como é possível evitar ingresso de ruído na instalação?,Deixando os conectores frouxos,Passando o cabeamento junto de redes elétricas,Deixando os conectores todos sem crimpar,Crimpando todos os conectores e aplicando torque em todas as conexões,D,
"165) Utilizando como referência os níveis de sinal - Canal Alto 15 dBmV; Canal Baixo 12 dBmV, quais níveis estarão na saída TAP do DC 06?(Componentes Passivos 1 - EAD)","CA: 12,5 dBmV, CB: 9,5 dBmV","CA: 13,5 dBmV, CB: 10,5 dBmV","CA: 15 dBmV, CB: 12 dBmV","CA: 9 dBmV, CB: 06 dBmV",D,
"166) Usando como referência o sinal de 19 dBmV em 550 MHz, ao passar por um DC 12 dB, qual o valor do sinal nas saídas OUT e TAP, respectivamente? (EAD - Componentes Passivo 1)  ",16 dBmV e 7 dBmV,17 dBmV e 8 dBmV,18 dBmV e 7 dBmV,19 dBmV e 8 dBmV,C,
167) Os modems instalados na casa dos clientes realizam uma comunicação com o CMTS. Através de qual canal estes modems RECEBEM o sinal?,CANAL DO DIRETO,CANAL DE RETORNO,CANAL FECHADO,CANAL ABERTO,A,
"168) Um Técnico está realizando uma Adesão
constatou que os sinais que o cliente estava
RECEBENDO estavam fora do padrão. Quais sinais
Nícolas está observando?",Canal Alto,Canal Baixo,RX,Todas as alternativas.,D,
169) A migração do IPv4 para o IPv6 exige que configuremos o e-MTA do cliente em qual modo? (TRILHA IPV6/CGNAT),Bridge,Cable,eMTA,Router,D,
170) Qual  a atenuação de um divisor three way Balanceado?,6dB em todas as portas,"4,5dB em todas as portas",8dB em todas as portas,"4,5/7,5/7,5dB",A,
171) O que é o Band Steering?,Band Steering é uma funcionalidade que estimula os dispositivos dos clientes a se conectarem na melhor frequência disponível e compatível no local.,O Band Steering permite apenas a conexão em 5GHz.,O Band Steering permite apenas a conexão em 2.4GHz,O Band steering é a função de desbloqueio dos eMTAs,A,
"172) Ao instalar o produto Claro Virtua em uma residência, é necessário configurar o Wi-Fi e conectar dispositivos via cabo de rede. Qual modo de operação do eMTA para garantir conectividade para todos os dispositivos?",Modo Bridge,Modo Bridge + WAN,Modo Router,Modo Flyer,C,
173) Qual o comando usado no CMD para medir o tempo de resposta da comunicação entre o seu computador e o servidor de destino?,Ipconfig,Ping,Ipconfig/all,Flush DNS,B,
174) Os dispositivos Wi-Fi 6 funcionam com as frequências:,Somente 5GHz,Somente 2.4GHz,2.4GHz e 5GHz,Somente 6GHz,C,
"175) Diferente dos decodificadores tradicionais, o SAGEMCOM S4KCW3 reúne as duas tecnologias HFC e IPTV no mesmo terminal. Selecione a alternativa correta para utilização em clientes com pacote HFC: (T1 Nº 318 - DECODIFICADOR 4K SAGEMCOM S4KCW3)  ",Esse modelo não possui tecnologia IPTV,"Esse modelo possui uma entrada RF, porém não será utilizada. A recepção do sinal de TV e os demais recursos de interatividade do decodificador (Replay TV, NOW, Apps, etc) funcionarão via internet.","Esse modelo possui uma entrada RF que será utilizada para recepção do sinal de TV e para sincronizar o modem interno que é responsável pelos recursos de interatividade do decodificador (Replay TV, NOW, Apps, etc) funcionarão via internet.","Esse modelo possui uma entrada RF para conexão do cabo do coaxial. Essa entrada será responsável pela recepção do sinal de TV (QAM). A ligação via Internet é obrigatória para o funcionamento da interatividade com o decodificador (Replay TV, NOW, Apps, etc).",D,
176) O que são Transceptores Ópticos?,Equipamentos ativos que convertem sinal RF em óptico e óptico em RF,Equipamentos ativos que convertem sinal óptico em RF,Equipamentos passivos que convertem sinal óptico em RF,Equipamentos passivos que convertem sinal RF em óptico e,A,
177) O espectro de frequências dentro do cabo se divide em dois sentidos:,Canal de Retorno e Canal do Direto.,Canal Alto e Canal Baixo.,Canal Aberto e Canal Fechado.,Canal RX e Canal TX.,A,
178) A Tecnologia MIMO (Multiple-Input Multiple-Output) já é presente em eMTAs com padrão 802.11ac. O que isso significa comparado aos eMTAs sem essa tecnologia? (Vídeo Aula Freq e Segur das redes Wi-Fi App Conectado),"A tecnologia MIMO permite que o dispositivo do cliente alterne automaticamente entre as redes de 2.4 e 5.8 GHz, equanto os terminais sem essa tecnologia não possui esse recurso.","A tecnologia MIMO permite que o dispositivo do cliente alterne automaticamente entre os canais de transmissão, equanto os terminais sem essa tecnologia não possui esse recurso.","A tecnologia MIMO consegue alcançar maiores taxas de transmissão em redes sem fio, usando várias antenas que transmitem sinais simultâneamente, enquanto os terminais sem essa tecnologia transmite sinal apenas para um dispositivo por vez.","É a tecnologia no qual você configura a largura do canal de transmissão no modo de múltiplas antenas, ou seja automático, para que o Cliente consiga usufruir a sua rede sem fio com a máxima performance e velocidade.",C,
"179) O local de instalação do eMTA é ponto chave para minimizar problemas referente a cobertura do sinal wi-fi na residência do cliente, portanto:","Você deve posicionar o eMTA na cozinha, pois é sempre o lugar em que ficam mais pessoas dentro de uma casa e desde que o sinal esteja em -70dBm não há com o que se preocupar com os demais cômodos.","No ponto mais alto da residência do cliente, ou seja no teto ou sótão, pois assim o sinal se propagará sem interferência ou barreiras. O sinal deve estar entre -70 dBm e -90dBm no ponto que o cliente mais usa.","Você deve posicionar o eMTA no quarto com cobertura entre -10dBm e -70dBm, pois geralmente é onde o cliente estuda ou trabalha. Os demais cômodos podem estar com 20% de cobertura.","Você deve perguntar qual o local em que a família mais usa o Wi-Fi, depois identificar o cômodo central entre os locais informados pelo cliente para que o sinal chegue em pelo menos 80% dos cômodos da casa entre -10dBm e -70dBm.",D,
180) Um cliente com produto Streaming (Claro Box TV) solicitou uma mudança de pacote para HFC(Cabo) em seu único ponto de TV com um decodificador S4KCW3. Selecione o procedimento correto para essa mudança: (T1 N° 342 - S4KCW3 MUDANÇA DE PACOTE STREAMING PARA HFC),"O decodificador não deverá ser trocado, pois já possui uma entrada RF. O técnico deverá realizar a instalação dos cabos coaxiais, conectar no decodificador e baixar a tarefa de mudança de pacote no TOA para liberar o Software HFC.",O decodificador deverá ser trocado por decodificadores que não são usados em pacotes Streaming (Box Claro TV),"O decodificador deverá ser trocado, pois não possui uma entrada de RF.","O decodificador não deverá ser trocado, pois já possui uma entrada RF. O técnico deverá primeiro atualizar o Software para HFC e na sequência realizar a instalação dos cabos coaxiais.",A,
"181)  O BER - Bit Error Ratio ou (Taxa de erro por bit), é definido como a: (EAD Sinal Analógico e Digital)."," Relação entre o número total de bits errados, dividido pelo número total de bits transmitidos", Relação da velocidade de transmissão;," Relação entre o número total de bits transmitidos, dividido pelo número total de bits errados;", Relação entre o total de bits reenviados pelo total de bits retransmitidos.,A,
"182)  Considerando os parâmetros técnicos da tela de diagnósticos de um decodificador digital, qual alternativa abaixo representa a melhor qualidade do sinal?"," PS 100%, QS 100% e BER -5"," PS 60%, QS 100% e BER -4"," PS 90%, QS 70% e BER -7"," PS 95%, QS 70% e BER -6",C,
"183) Sobre o uso da furadeira, existem furos que ficarão expostos ao tempo. Qual das opções abaixo é a correta?","Furar de dentro do cômodo para fora, inclinando a furadeira 15° para baixo, afim de evitar umidade","Furar de dentro do cômodo para fora, inclinando a furadeira 15° para cima, afim de evitar umidade","Furar de dentro do cômodo para fora, deixando a furadeira em ângulo reto, afim de evitar umidade","Furar de fora do cômodo para dentro, inclinando a furadeira 15° para baixo, afim de evitar umidade",A,
"184) Para evitar casos de lentidão devido ao congestionamento dos canais de transmissão que recebem várias redes sem fio ao mesmo tempo, devemos:",Configurar o EMTA no canal de transmissão 11 que é o menos congestionado.,Realizar testes de potência de sinal usando o Wi-Fi Analyser e garantir niveis entre -40 á -70 dBM,instalar o eMTA em um cômodo central da residência.,"Deixar o canal de transmissão em modo automático, e orientar o cliente a sempre dar um boot no eMTA para que ele procure o canal menos congestionado.",D,
185) O que é o REPLAY TV disponivel nos pacotes com segmentação TOP HD/TOP HD MAX e Claro TV+?,É a nova funcionalidade que finalmente nos permite gravar os títulos do NOW,É a nova funcionalidade que nos permite assistir novamente (REPLAY) toda a programação da Claro,É a nova funcionalidade do Premiere Futebol Clube que nos permite assistir o REPLAY de todo os jogos e gols de todos os campeonatos,"É a nova funcionalidade que permite RECOMEÇAR O EVENTO ATUAL desde o inicio em determinados canais por meio do miniguia, nos canais que possuem o REPLAY TV é possível acessar conteúdos retroativos a até 7 dias.",D,
186) A diferença entre a potencia do sinal demodulado e o nível de ruído do canal de transmissão refere-se a:, BER - Bit Error Ratio, C/N - Carrier to Noise,CSO - Composit Second Order, SNR - Signal to Noise Ratio,D,
"187)  A técnica Laura está realizando uma W.O de revisita Vítua, onde a reclamação da cliente é que um site específico não está abrindo ou demora muito em seu computador. Para saber a latência entre o computador e o servidor específico, existe algum comando no CMD que a Laura pode utilizar? ",Pode utilizar o comando Flush DNS,Pode utilizar o comando Ipconfig,Pode utilizar o comando Ipconfig/all,Pode utilizar o comando Ping,D,
"188)  Ao você inicia o Status ""Em rota"" no TOA, será liberado um código para o Cliente, o que permite um aumento na percepção de segurança aos nossos atendimentos. Para clientes com o APP Meu claro residencial o cliente tem uma visualização através do botão Código de Segurança em acompanhar a visita técnica. Mas e o cliente que não possui o APP instalado? (T1n°257HFC e T1n°31GPON)",O cliente receberá através de um SMS informando o código de segurança,O cliente receberá um e-mail informando o código de segurança,"O cliente não receberá nenhum código, logo não será solicitado pelo cliente",O cliente que não tenha o APP meu claro residencial instalado não deve solicitar o código ao técnico,A,
"189)  Wi-Fi é uma tecnologia de rede sem fio que permite que computadores (laptops e desktops), dispositivos móveis (smartphones e dispositivos vestíveis) e outros equipamentos (impressoras e câmeras de vídeo). Escolha a alternativa que NÃO faz parte de itens que se deve observar sobre o WI-FI: ",O nível de potência do RX/TX deve estar dentro dos padrões de qualidade para que o sinal WI-FI tenha um bom desempenho.," Posicionamento do Roteador, procurando sempre a melhor localidade de acordo com as necessidades do cliente para melhor propagação do Sinal Wi-FI."," Dispositivos como carrinhos de controle remoto, fones de ouvido sem fio ou até mesmo controles de videogame sem fio podem interferir no sinal wi-fi, se utilizarem a mesma frequência de transmissão."," Barreiras físicas podem fazer com que a propagação do sinal wi-fi fique deficiente, dependendo do material destas barreiras, algumas com menor impacto no sinal como madeira e outras com alto impacto no sinal como metal.",A,
190)  Qual das modulações abaixo possui a menor tolerância a ruído? , 16 QAM, 64 QAM, 256 QAM, QPSK,C,
"191)  Coloque em ordem os itens abaixo, levando em conta o sentido CLARO > CASA DO CLIENTE, seguindo uma instalação de componentes: 1 Cable isolator / 4 Tap / 5 Divisores ou Dc's / 3 mini isolator / 2 emta ou decoder ",5-4-3-2-1, 4-1-5-3-2, 1-2-3-4-5, 2-1-3-4-5,B,
192)  Qual o problema que pode acontecer quando não utilizamos a fonte certa para o equipamento desejado? (Treinamento de 1 PONTO nº95) ,A utilização de uma fonte incorreta só interfere nas transmissões UHF devido interferências harmônicas. De resto o equipamento funciona perfeitamente.," A utilização de uma fonte incorreta não causa problemas ou o mau funcionamento do equipamento, desde que a corrente seja 50% menor."," A utilização de uma fonte incorreta só tem como consequência a mudança na cor do LED do painel frontal, de verde para laranja, não interferindo no funcionamento do decoder em nenhuma hipótese"," A utilização de uma fonte incorreta acarreta no mau funcionamento do equipamento, que dependendo do caso poderá ser seriamente danificado, além de gerar intermitência em alguns casos.",D,
"193)  Segundo a Norma Regulamentadora nº 35, Trabalho em Altura, da Portaria MTP nº 4.218/2022, sobre o Sistema de Proteção Individual Contra Quedas (SPIQ), assinale a alternativa INCORRETA ",A inspeção inicial é aquela realizada entre o recebimento e a primeira utilização do SPIQ.," A inspeção periódica deve ser realizada no mínimo uma vez a cada 12 meses, podendo o intervalo entre as inspeções ser reduzido em função do tipo de utilização, frequência de uso ou exposição a agentes agressivos."," Devem ser registradas as inspeções iniciais, periódicas e aquelas rotineiras que tiveram os elementos do SPIQ recusados.", A inspeção rotineira é aquela realizada após o início dos trabalhos.,D,
194)  Qual a função de uma portadora no processo de Transmissão de sinal de TV ou Internet? ,"A portadora converte o sinal digital em analógico, permitindo que ele seja transmitido por meio de ondas eletromagnéticas"," A portadora é uma onda de frequência que transporta a informação a ser transmitida, modulando suas características"," A portadora amplifica o sinal original, aumentando sua potência para que possa percorrer longas distâncias."," A portadora filtra o ruído presente no sinal, garantindo a qualidade da transmissão.",B,
195)  Qual é a principal função dos divisores em sistemas de distribuição de sinal?,Distribuir o sinal para múltiplos pontos, Amplificar o sinal., Filtrar interferências eletromagnéticas., Converter o sinal analógico em digital.,A,
"196) Dentre as alternativas abaixo, qual delas apresenta a menor taxa de erros?",BER 4.0 E -05,BER 2.0 E -04,BER 1.0 E -06,BER 9.0 E -06,C,
197) Qual das alternativas NÃO é uma vantagem de utilizar o Wi-Fi em vez de uma conexão cabeada?,Facilidade de instalação: A configuração do Wi-Fi é geralmente mais fácil do que a instalação de cabos Ethernet,"Custo: O Wi-Fi pode ser mais barato do que a instalação de cabos Ethernet, especialmente em casas ou escritórios grandes.","Mobilidade: Você pode se conectar à internet em qualquer lugar da sua casa ou escritório, sem precisar estar preso a um cabo.","Segurança: O Wi-Fi é mais seguro do que uma conexão cabeada, pois os dados são transmitidos sem fio.",D,
"198) O técnico Jonny deve configurar o padrão de transmissão Wi-Fi para rede 2.4 GHZ. Para garantir a compatibilidade com a maioria dos dispositivos que tenham antenas wi-fi, ele deve estar configurar em:",Transmissão MISTA 802.11 g e 802.11n,Transmissão Somente 802.11n,Transmissão Somente 802.11g,"Transmissão MISTA - 802.11 b, 802.11g e 802.11n",D,
199) A transmissão de dados no padrão DOCSIS é feita por meio de dois equipamentos:,Cable Modem e CMTS,HUB e transceptor óptico,EMTA e TAP,Amplificador e divisor,A,
200) Observe os seguintes itens e assinale aquele que representa uma medida de segurança de acordo com a Norma Reguladora 35 - Trabalho em Altura.,Realizar treinamentos específicos para trabalhos em altura e utilizar sistemas de ancoragem adequados.,Utilizar uma escada improvisada para acessar locais elevados sem supervisão.,"Desconsiderar as condições meteorológicas ao realizar atividades em altura, como ventos fortes ou chuvas.",Ignorar o uso de equipamentos de proteção individual (EPIs) ao trabalhar em alturas inferiores a 2 metros.,A,
"201) Para que os canais da grade QAM funcionem corretamente em terminais híbridos, qual configuração é essencial?",Conectar o terminal somente à internet e executar o valida retorno.,"Instalar o cabo coaxial, conectar à internet e executar a varredura de canais.",Instalar apenas o cabo coaxial e executar a varredura de canais na configuração.,Conectar o terminal somente à internet e configurar a senha de conteúdos.,B,
202) Qual das opções representa uma prática correta ao montar o conector RG6?,Não descascar a blindagem,Deixar o dielétrico exposto,Evitar contato entre malha e condutor central,Emitir alertas automáticos sobre quedas de energia na rede elétrica.,C,
" 203) Qual é a principal função da funcionalidade ""Certidão de Atendimento"" no aplicativo Técnico Nota 10?","Realizar a leitura e análise das frequências de canais digitais como Upstream, Downstream, OFDM e OFDMA.",Fornecer relatórios administrativos sobre o desempenho dos técnicos.,Monitorar o uso de dados dos clientes em tempo real.,O número de série do TAP,A,
"204) Durante uma instalação, o que deve ser feito caso seja identificado um TAP lotado?","Procurar outro TAP, mesmo que em outra rua, para atender o cliente.",Inserir um divisor na rede para atender o novo cliente.,Baixar a WO no TOA com o código #205 Falta TAP/Passivo Lotado.,Baixar a WO com o código #203 Rede Externa com Problema e enviar o problema pelo TOA.,D,
"205) Na instalação interna, ao passar o cabo por tubulação, é permitido passar junto com rede elétrica?","Não, pois a rede elétrica interfere o sinal do cabo.","Sim, somente em casos de obstrução nos dutos exclusivos de telecomunicação.","Sim, o importante é deixar o cabo protegido na tubulação.",n.D.A,A,
206) Qual o primeiro procedimento antes de iniciar uma instalação HFC?,Passar o cabo interno,Verificar o sinal no TAP,Conectar o modem,Medir a tensão no conector F,B,
"207) Na instalação interna, o que deve ser feito se for identificada uma tubulação obstruída?",Perguntar ao cliente se ele aceita a instalação de cabo aparente.,Todas as alternativas estão corretas.,Utilizar a câmera sonda para verificar a obstrução.,Usar a fita guia de aço para tentar desobstruir a tubulação.,B,
"208) Ao efetuar instalação externa, é necessário respeitar a altura mínima na passagem do cabo coaxial na travessia de ruas. Qual é a altura mínima?",4m,7m,12m,"5,15m",D,
209) O que é ruído?,É uma forma de transmitir o sinal ao Headend,Ruído é uma interferência vinda de fontes externas que ingressa na instalação e causa defeito nos produtos instalados,É uma forma de amplificar o sinal,É uma forma que o equipamento entende o sinal em alta qualidade,B,
210) Qual é o padrão de funcionamento do RX nos terminais (Decodificadores e eMTAs)?,Entre +15dBmV e -15dBmV,Entre +12dBmV e -12dBmV,Entre +20dBmV e -20dBmV,Entre +5dBmV e -5dBmV,B,
211) Qual é o padrão de funcionamento do TX nos terminais (Decodificadores e eMTAs)?,Entre +10dBmV e -10dBmV,Entre 35dBmV e 55dBmV,Entre 27dBmV e 57dBmV,Entre 38dBmV e 51dBmV,D,
212) Qual é o padrão de funcionamento do SNR Down e SNR UP nos terminais (Decodificadores e eMTAs)?,SNR DOWN entre 20dB e 30dB e SNR UP entre 17dB e 22dB,SNR DOWN abaixo de 35dB e SNR UP abaixo de 27dB,SNR DOWN acima de 35dB e SNR UP acima de 27dB,SNR DOWN abaixo de 27dB e SNR UP abaixo de 15dB,C,
213) É possível efetuar a medição de níveis de sinal pelo seu próprio smartphone. Basta acessar um site. Qual é o site usado para medição de níveis?,datacenter.virtua.com,niveis.virtua.com.br,sinais.claro.virtua.com,medidordesinal.com.br,B,
214) Ao realizar a instalação do serviço de TV é necessário efetuar o Valida Retorno. Qual é a função deste teste?,Liberar os canais do pacote,Validar o pacote do cliente,Realizar a validação do canal de retorno do decoder com o Headend,Habilitar todos os serviços do canal direto,C,
"215) Considerando os parâmetros técnicos da tela de diagnósticos de um decodificador digital, qual alternativa abaixo representa a melhor qualidade do sinal?","PS 10 dBmV, QS 70% e BER -6","PS -6 dBmV, QS 100% e BER -4","PS 4 dBmV, QS 100% e BER -5","PS 2 dBmV, QS 70% e BER -7",D,
"216) Durante os períodos de chuva, a quantidade de terminais queimados aumenta bastante devido a descargas elétricas atmosféricas provocadas por raios. A fim de minimizar esse impacto, qual dos dispositivos abaixo é o mais adequado?",Carga Casada,Filtro High Pass,Mini Cable Isolator,Filtro Trap,C,
217) O que é UPDATE ID?,"É um código de identificação que determina qual tipo de hardware devemos instalar, seguindo como regra o tipo de produto contratado pelo cliente","É um código de identificação que determina qual o tipo de software o decodificador deverá receber, seguindo como regra o produto contratado pelo cliente",É um hardware de instalação que determina qual tipo de software o decodificador deverá receber seguindo como regra o tipo de produto contratado pelo cliente,"É um hardware de instalação que determina qual tipo de software o decodificador deverá transmitir, seguindo como regra o tipo de modulação do Headend de cada cidade",B,
218) Referente ao BER padrão Claro abaixo qual representa a melhor Qualidade,BER 2.0 E-07,BER 3.0 E-05,BER 1.0 E-06,BER 9.0 E-08,D,